"plant_bo","bogen"
"3^1","3^1"
"3^2","3^2"
"3^3","3^3"
"3^4","3^4"
"3^5","3^5"
"3^6A","3^6"
"3^6B","3^6"
"3^A1CT","3^6"
"3^A1CT2","3^6"
"3^7A","3^7"
"3^7B","3^7"
"3^A2C1","3^7"
"3^A2C2","3^7"
"7^1","7^1"
"7^2","7^2"
"8^6","8^1"
"8^7","8^2"
"8^8","8^3"
"8^9","8^4"
"8^10","8^5"
"10^1","10^1"
"10^2","10^2"
"26^1","26^1"
"26^2","26^2"
"26^3","26^3"
"26^4","26^4"
"26^5","26^5"
"47^1","47^1"
"47^2","47^2"
"47^3","47^3"
"47^4","47^4"
"47^5","47^5"
"50^7","50^7"
"50^8","50^8"
"51^1","51^1"
"56^1","56^1"
"56^2","56^2"
"56^3","56^3"
"59^1","59^1"
"60^1","60^1"
"60^2","60^2"
"79^1","79^1"
"79^2","79^1"
"79^3","79^1"
"79^5","79^1"
"87^1","87^1"
"96^6","96^1"
"96^7","96^1"
"96^8","96^1"
"108^SGU1","108^1"
"113^1","113^1"
"113^2","113^2"
"113^3","113^3"
"113^4","113^4"
"116^1","116^1"
"116^2","116^2"
"117^1B","117^1"
"117^2B","117^2"
"117^3B","117^3"
"117^C4-1","117^4"
"117^CC4","117^4"
"117^C5-1","117^5"
"117^C5-2","117^5"
"117^CC5A","117^5"
"117^CC5B","117^5"
"120^1","120^1"
"126^1","126^1"
"126^2","126^2"
"126^3","126^3"
"126^4","126^4"
"127^1","127^1"
"130^1","130^1"
"130^2","130^2"
"130^3","130^3"
"130^4","130^4"
"136^1","136^1"
"136^2","136^2"
"141^1","141^1"
"141^2","141^2"
"141^3","141^3"
"147^K-7","147^3"
"147^KY7","147^3"
"160^1","160^1"
"160^2","160^2"
"160^3","160^3"
"165^1","165^1"
"165^2","165^2"
"170^4","170^4"
"201^2","201^1"
"202^1","202^1"
"203^1","203^1"
"207^1","207^1"
"207^2","207^2"
"260^6-1","260^1"
"260^7-1","260^2"
"260^CT1A","260^3"
"260^CT1B","260^3"
"260^HRSG1","260^3"
"260^HRSG2","260^3"
"260^CT2A","260^4"
"260^CT2B","260^4"
"260^HRSG3","260^4"
"260^HRSG4","260^4"
"271^5","271^1"
"271^6","271^2"
"271^7","271^3"
"298^LIM1","298^1"
"298^LIM2","298^2"
"302^1","302^1"
"302^2","302^2"
"302^3","302^3"
"302^4","302^4"
"302^5","302^5"
"315^1","315^1"
"315^2","315^2"
"315^3","315^3"
"315^4","315^4"
"315^5","315^5"
"315^6","315^6"
"330^4","330^2"
"331^3","331^1"
"331^4","331^2"
"335^1","335^1"
"335^2","335^2"
"345^1","345^1"
"345^2","345^2"
"350^1","350^1"
"350^2","350^2"
"356^5","356^1"
"356^6","356^2"
"356^7","356^3"
"356^8","356^4"
"358^MV3A","358^1"
"358^MV3B","358^1"
"358^MV4A","358^2"
"358^MV4B","358^2"
"377^3","377^1"
"377^4","377^2"
"377^5","377^3"
"377^8A","377^4"
"377^8BC","377^4"
"384^71","384^1"
"384^72","384^1"
"384^81","384^2"
"384^82","384^2"
"389^4","389^2"
"389^31","389^3"
"389^32","389^3"
"389^HRSG31","389^3"
"389^HRSG32","389^3"
"389^2A","389^4"
"389^UNIT 2","389^4"
"399^10A","399^1"
"399^10B","399^1"
"400^1","400^1"
"400^2","400^2"
"400^9","400^5"
"400^10","400^5"
"400^HRSG10","400^5"
"400^HRSG9","400^5"
"404^1","404^1"
"404^2","404^2"
"404^3","404^3"
"408^6","408^1"
"408^7","408^1"
"420^B3","420^1"
"469^3","469^3"
"469^4","469^4"
"469^5","469^5"
"469^6","469^5"
"469^HRSG1","469^5"
"469^HRSG2","469^5"
"470^1","470^1"
"470^2","470^2"
"470^3","470^3"
"477^5","477^1"
"478^1","478^1"
"478^2","478^1"
"478^3","478^1"
"492^5","492^1"
"492^6","492^2"
"492^7","492^3"
"493^1","493^1"
"493^2","493^2"
"493^3","493^3"
"525^H1","525^1"
"525^H2","525^2"
"527^1","527^1"
"533^4","533^1"
"533^HRSG1","533^1"
"533^HRSGV1","533^2"
"533^HRSGV2","533^2"
"533^VAN1","533^2"
"533^VAN2","533^2"
"546^5","546^1"
"546^6","546^2"
"550^1","550^1"
"562^2","562^2"
"562^3","562^3"
"562^4","562^4"
"564^1","564^1"
"564^2","564^2"
"564^B","564^3"
"564^B1","564^3"
"568^BHB3","568^2"
"589^1","589^1"
"593^3","593^1"
"593^4","593^2"
"593^5","593^3"
"594^4","594^4"
"599^1","599^1"
"599^2","599^2"
"599^3","599^3"
"602^1","602^1"
"602^2","602^2"
"609^1","609^1"
"609^2","609^1"
"609^3","609^1"
"609^3A","609^1"
"609^3B","609^1"
"609^3C","609^1"
"612^2A","612^1"
"612^2B","612^1"
"612^2C","612^1"
"612^2D","612^1"
"612^2E","612^1"
"612^2F","612^1"
"613^4A","613^1"
"613^4B","613^1"
"613^4GT1","613^1"
"613^4GT2","613^1"
"613^5A","613^2"
"613^5B","613^2"
"613^5GT1","613^2"
"613^5GT2","613^2"
"619^1","619^1"
"619^5A","619^1"
"619^5B","619^1"
"619^5C","619^1"
"620^4A","620^2"
"620^4B","620^2"
"620^4C","620^2"
"620^4D","620^2"
"620^PSN4","620^2"
"620^5A","620^3"
"620^5B","620^3"
"620^5C","620^3"
"620^5D","620^3"
"620^PSN5","620^3"
"621^PTP1","621^3"
"621^PTP2","621^4"
"621^5CTA","621^5"
"621^5CTB","621^5"
"621^5CTC","621^5"
"621^5CTD","621^5"
"621^PTP5","621^5"
"628^1","628^1"
"628^2","628^2"
"628^4","628^3"
"628^5","628^4"
"634^4A","634^4"
"634^4AGT","634^4"
"634^4B","634^4"
"634^4BGT","634^4"
"634^4C","634^4"
"634^4CGT","634^4"
"634^4D","634^4"
"634^4DGT","634^4"
"638^1","638^1"
"638^2","638^2"
"638^3","638^3"
"641^4","641^3"
"641^5","641^4"
"641^6","641^5"
"641^7","641^6"
"642^1","642^1"
"642^2","642^2"
"643^1","643^1"
"643^2","643^2"
"643^4","643^3"
"643^5","643^3"
"643^3A","643^3"
"643^3B","643^3"
"645^BB01","645^1"
"645^BB02","645^2"
"645^BB03","645^3"
"645^BB04","645^4"
"663^B1","663^1"
"663^B2","663^2"
"664^CT04","664^2"
"664^JRK8","664^2"
"667^1","667^1"
"667^2","667^2"
"667^3","667^3"
"673^S-3","673^1"
"673^GT2","673^2"
"673^S-5","673^2"
"675^8","675^2"
"675^HRSG","675^2"
"676^1","676^1"
"676^2","676^2"
"676^3","676^3"
"676^5CT","676^4"
"676^HRSG","676^4"
"688^1","688^1"
"688^2A","688^2"
"688^CT 2A","688^2"
"689^8","689^2"
"689^9","689^2"
"693^1","693^1"
"693^4","693^3"
"693^5","693^4"
"693^CA","693^4"
"703^1BLR","703^1"
"703^2BLR","703^2"
"703^3BLR","703^3"
"703^4BLR","703^4"
"708^1","708^1"
"708^2","708^2"
"708^3","708^3"
"708^4","708^4"
"709^1","709^1"
"709^3","709^3"
"709^4","709^4"
"710^4A","710^1"
"710^4B","710^1"
"710^CT4A","710^1"
"710^CT4B","710^1"
"710^5A","710^2"
"710^5ACT","710^2"
"710^5B","710^2"
"710^5BCT","710^2"
"710^6A","710^3"
"710^6ACT","710^3"
"710^6B","710^3"
"710^6BCT","710^3"
"715^1","715^1"
"715^2","715^2"
"727^3","727^1"
"728^Y1BR","728^1"
"728^Y2BR","728^2"
"728^Y3BR","728^3"
"728^Y4BR","728^4"
"728^Y5BR","728^5"
"728^Y6BR","728^6"
"728^Y7BR","728^7"
"733^1","733^1"
"733^2","733^2"
"733^3","733^3"
"733^4","733^4"
"753^ST","753^1"
"762^2","762^1"
"765^1","765^1"
"765^2","765^2"
"765^3","765^3"
"765^4","765^4"
"765^5","765^5"
"765^6","765^6"
"766^3","766^1"
"766^4","766^2"
"766^5","766^3"
"766^6","766^4"
"766^7","766^5"
"766^8","766^6"
"772^5","772^1"
"772^6","772^2"
"856^1","856^1"
"856^2","856^2"
"856^3","856^3"
"861^1","861^1"
"861^2","861^2"
"862^1","862^1"
"862^2","862^2"
"874^5","874^1"
"876^1","876^1"
"876^2","876^2"
"879^51","879^1"
"879^52","879^1"
"879^61","879^2"
"879^62","879^2"
"883^7","883^1"
"883^8","883^2"
"884^3","884^3"
"884^4","884^4"
"887^1","887^1"
"887^2","887^2"
"887^3","887^3"
"887^4","887^4"
"887^5","887^5"
"887^6","887^6"
"889^1","889^1"
"889^2","889^2"
"889^3","889^3"
"891^9","891^2"
"892^1","892^1"
"892^2","892^2"
"898^4","898^2"
"898^5","898^3"
"963^31","963^1"
"963^32","963^2"
"963^33","963^3"
"963^41","963^4"
"972^4","972^1"
"972^5","972^1"
"972^7","972^1"
"972^8","972^1"
"976^4","976^1"
"976^123","976^2"
"983^1","983^1"
"983^2","983^2"
"983^3","983^3"
"983^4","983^4"
"983^5","983^5"
"983^6","983^6"
"988^U1","988^1"
"988^U2","988^2"
"988^U3","988^3"
"988^U4","988^4"
"990^50","990^3"
"990^60","990^4"
"990^70","990^5"
"991^3","991^3"
"991^4","991^4"
"991^5","991^5"
"991^6","991^6"
"992^11","992^1"
"992^12","992^1"
"992^13","992^1"
"992^14","992^1"
"992^15","992^1"
"992^16","992^1"
"992^17","992^1"
"992^18","992^1"
"994^1","994^1"
"994^2","994^2"
"994^3","994^3"
"994^4","994^4"
"995^7","995^1"
"995^8","995^2"
"997^12","997^2"
"1001^1","1001^1"
"1001^2","1001^2"
"1004^CT1","1004^1"
"1004^CT2","1004^1"
"1004^HRSG1","1004^1"
"1004^HRSG2","1004^1"
"1004^NA","1004^1"
"1007^3","1007^1"
"1007^4","1007^1"
"1007^5","1007^1"
"1007^CT3","1007^1"
"1007^CT4","1007^1"
"1007^CT5","1007^1"
"1008^2","1008^2"
"1008^4","1008^4"
"1010^2","1010^1"
"1010^3","1010^2"
"1010^4","1010^3"
"1010^5","1010^4"
"1010^6","1010^5"
"1012^2","1012^2"
"1012^3","1012^3"
"1016^1","1016^1"
"1016^2","1016^1"
"1016^3","1016^1"
"1016^6","1016^1"
"1016^7","1016^1"
"1016^8","1016^1"
"1024^5","1024^1"
"1024^6","1024^2"
"1032^5","1032^1"
"1032^6","1032^2"
"1037^2","1037^1"
"1037^5","1037^2"
"1040^1","1040^1"
"1040^2","1040^2"
"1043^1SG1","1043^1"
"1043^2SG1","1043^2"
"1046^1","1046^1"
"1046^5","1046^1"
"1046^6","1046^1"
"1047^4","1047^2"
"1048^2","1048^2"
"1073^1","1073^1"
"1073^2","1073^1"
"1073^3","1073^2"
"1073^4","1073^3"
"1077^1","1077^1"
"1077^3","1077^3"
"1081^9","1081^2"
"1082^1","1082^1"
"1082^2","1082^2"
"1082^3","1082^3"
"1082^4","1082^4"
"1091^1","1091^1"
"1091^2","1091^2"
"1091^3","1091^3"
"1104^1","1104^1"
"1122^7","1122^1"
"1122^8","1122^2"
"1131^6","1131^1"
"1131^7","1131^2"
"1167^7","1167^1"
"1167^8","1167^2"
"1167^9","1167^3"
"1206^GT1","1206^1"
"1206^GT2","1206^1"
"1206^HRSG1","1206^1"
"1206^HRSG2","1206^1"
"1217^1","1217^1"
"1230^1","1230^1"
"1233^4","1233^1"
"1235^3","1235^1"
"1239^40","1239^1"
"1240^1","1240^1"
"1240^2","1240^2"
"1241^1","1241^1"
"1241^2","1241^2"
"1242^3","1242^3"
"1242^4","1242^4"
"1248^4","1248^4"
"1250^3","1250^1"
"1250^4","1250^2"
"1250^5","1250^3"
"1252^9","1252^1"
"1252^10","1252^2"
"1270^NA","1270^1"
"1271^4","1271^1"
"1271^5","1271^2"
"1295^1","1295^1"
"1295^2","1295^2"
"1317^5","1317^2"
"1330^4","1330^1"
"1336^S-2","1336^2"
"1353^BSU1","1353^1"
"1353^BSU2","1353^2"
"1355^1","1355^1"
"1355^2","1355^2"
"1355^3","1355^3"
"1356^1","1356^1"
"1356^2","1356^2"
"1356^3","1356^3"
"1356^4","1356^4"
"1357^4","1357^1"
"1357^5","1357^2"
"1363^4","1363^1"
"1363^5","1363^2"
"1363^6","1363^3"
"1363^7A","1363^4"
"1363^7B","1363^4"
"1364^1","1364^1"
"1364^2","1364^2"
"1364^3","1364^3"
"1364^4","1364^4"
"1374^1","1374^1"
"1374^2","1374^2"
"1378^1","1378^1"
"1378^2","1378^2"
"1378^3","1378^3"
"1379^1","1379^1"
"1379^2","1379^2"
"1379^3","1379^3"
"1379^4","1379^4"
"1379^5","1379^5"
"1379^6","1379^6"
"1379^7","1379^7"
"1379^8","1379^8"
"1379^9","1379^9"
"1381^C1","1381^1"
"1381^C2","1381^2"
"1381^C3","1381^3"
"1382^H1","1382^1"
"1382^H2","1382^2"
"1383^R1","1383^1"
"1384^1","1384^1"
"1384^2","1384^2"
"1385^1","1385^1"
"1385^2","1385^2"
"1385^3","1385^3"
"1385^4","1385^4"
"1393^4","1393^2"
"1393^6","1393^3"
"1393^1A","1393^4"
"1393^2A","1393^5"
"1394^2","1394^2"
"1394^4","1394^4"
"1396^6-1","1396^1"
"1396^U6CT","1396^1"
"1396^7-1","1396^2"
"1396^7-2","1396^2"
"1396^U72","1396^2"
"1396^U7CT","1396^2"
"1400^1","1400^1"
"1400^3","1400^3"
"1402^1","1402^1"
"1402^2","1402^2"
"1402^3","1402^3"
"1403^4","1403^1"
"1403^5","1403^1"
"1403^3","1403^3"
"1403^6A","1403^4"
"1403^6AHRSG","1403^4"
"1403^6B","1403^4"
"1403^6BHRSG","1403^4"
"1404^7A","1404^2"
"1404^7AB","1404^2"
"1404^7B","1404^2"
"1409^3","1409^1"
"1409^2","1409^2"
"1416^5A","1416^1"
"1417^2","1417^2"
"1417^3","1417^3"
"1417^4","1417^4"
"1439^14","1439^1"
"1439^15","1439^2"
"1439^16","1439^3"
"1447^1","1447^1"
"1447^2","1447^2"
"1449^3","1449^3"
"1449^4","1449^4"
"1455^2","1455^2"
"1464^1B1","1464^1"
"1464^1B2","1464^2"
"1507^1","1507^1"
"1507^2","1507^2"
"1507^3","1507^3"
"1507^4","1507^4"
"1513^1","1513^1"
"1513^2","1513^2"
"1552^1","1552^1"
"1552^2","1552^2"
"1553^3","1553^1"
"1554^1","1554^1"
"1554^2","1554^2"
"1554^3","1554^3"
"1554^4","1554^4"
"1559^4","1559^1"
"1564^8","1564^1"
"1571^1","1571^1"
"1571^2","1571^2"
"1571^3","1571^3"
"1571^4","1571^4"
"1572^1","1572^1"
"1572^2","1572^2"
"1572^3","1572^3"
"1573^1","1573^1"
"1573^2","1573^2"
"1588^7","1588^1"
"1588^81","1588^2"
"1588^82","1588^2"
"1588^GT81","1588^2"
"1588^GT82","1588^2"
"1588^93","1588^3"
"1588^94","1588^3"
"1588^GT93","1588^3"
"1588^GT94","1588^3"
"1595^2","1595^1"
"1595^3","1595^1"
"1595^4","1595^1"
"1595^GEN4","1595^1"
"1599^1","1599^1"
"1599^2","1599^2"
"1619^1","1619^1"
"1619^2","1619^2"
"1619^3","1619^3"
"1619^4","1619^4"
"1642^3","1642^1"
"1660^CC2","1660^1"
"1660^P2HRSG","1660^1"
"1682^8","1682^1"
"1682^9","1682^2"
"1682^9A","1682^2"
"1695^4","1695^2"
"1695^5","1695^3"
"1702^1","1702^1"
"1702^2","1702^2"
"1702^3","1702^3"
"1702^4","1702^4"
"1710^1","1710^1"
"1710^2","1710^2"
"1710^3","1710^3"
"1720^7","1720^1"
"1720^8","1720^1"
"1723^1","1723^1"
"1723^2","1723^2"
"1723^3","1723^3"
"1733^1","1733^1"
"1733^2","1733^2"
"1733^3","1733^3"
"1733^4","1733^4"
"1740^1","1740^1"
"1740^2","1740^2"
"1740^3","1740^3"
"1743^1","1743^1"
"1743^2","1743^2"
"1743^3","1743^3"
"1743^4","1743^4"
"1743^6","1743^5"
"1743^7","1743^6"
"1745^16","1745^1"
"1745^17","1745^1"
"1745^18","1745^1"
"1745^19","1745^1"
"1745^9A","1745^2"
"1769^5","1769^5"
"1769^6","1769^6"
"1769^7","1769^7"
"1769^8","1769^8"
"1769^9","1769^9"
"1771^1","1771^1"
"1771^2","1771^2"
"1772^1","1772^1"
"1825^3","1825^1"
"1830^3","1830^1"
"1830^4","1830^2"
"1830^5","1830^3"
"1831^1","1831^1"
"1831^3","1831^3"
"1831^4","1831^4"
"1831^5","1831^5"
"1831^6","1831^6"
"1832^1","1832^1"
"1843^2","1843^2"
"1843^3","1843^3"
"1866^5","1866^1"
"1866^7","1866^1"
"1866^8","1866^1"
"1880^6","1880^1"
"1888^1","1888^1"
"1888^3","1888^2"
"1891^1","1891^1"
"1891^2","1891^2"
"1893^1","1893^1"
"1893^2","1893^2"
"1893^3","1893^3"
"1893^4","1893^4"
"1904^3","1904^1"
"1904^4","1904^2"
"1904^5","1904^3"
"1912^7","1912^3"
"1912^8","1912^3"
"1912^9","1912^3"
"1915^1","1915^1"
"1926^1","1926^1"
"1926^2","1926^1"
"1927^9","1927^1"
"1927^10","1927^1"
"1927^7A","1927^1"
"1934^1","1934^1"
"1934^2","1934^1"
"1943^2","1943^2"
"1943^3","1943^3"
"1961^NEPP","1961^1"
"1979^1","1979^1"
"1979^2","1979^1"
"1979^3","1979^1"
"1979^4","1979^1"
"1980^8","1980^1"
"2001^1","2001^1"
"2001^2","2001^1"
"2001^4","2001^1"
"2008^1","2008^1"
"2008^2","2008^2"
"2008^3","2008^3"
"2008^4","2008^4"
"2018^7","2018^1"
"2018^9","2018^1"
"2018^10","2018^1"
"2018^11","2018^1"
"2022^2","2022^1"
"2022^3","2022^1"
"2039^1","2039^1"
"2039^2","2039^2"
"2039^3","2039^3"
"2048^1","2048^1"
"2048^2","2048^2"
"2049^1","2049^1"
"2049^2","2049^2"
"2049^3","2049^3"
"2049^4","2049^4"
"2049^5","2049^5"
"2050^1","2050^1"
"2050^2","2050^2"
"2053^3","2053^1"
"2053^4","2053^2"
"2059^7","2059^1"
"2059^9","2059^1"
"2059^8","2059^2"
"2062^H1","2062^1"
"2062^H3","2062^1"
"2062^HRSG","2062^1"
"2067^3","2067^1"
"2067^GT1","2067^1"
"2067^HRSG1","2067^1"
"2070^GTG1","2070^1"
"2070^HRSG1","2070^1"
"2070^GTG2","2070^2"
"2070^HRSG2","2070^2"
"2070^3","2070^3"
"2076^1","2076^1"
"2079^6","2079^1"
"2079^9","2079^1"
"2079^5A","2079^2"
"2080^1","2080^1"
"2080^2","2080^2"
"2080^3","2080^3"
"2094^1","2094^1"
"2094^2","2094^2"
"2094^3","2094^3"
"2098^1","2098^1"
"2098^2","2098^1"
"2098^3","2098^1"
"2098^4","2098^1"
"2098^5","2098^1"
"2098^8","2098^1"
"2098^6","2098^2"
"2103^1","2103^1"
"2103^2","2103^2"
"2103^3","2103^3"
"2103^4","2103^4"
"2104^1","2104^1"
"2104^2","2104^2"
"2104^3","2104^3"
"2104^4","2104^4"
"2107^1","2107^1"
"2107^2","2107^2"
"2123^6","2123^1"
"2123^7","2123^1"
"2123^8","2123^1"
"2132^1","2132^1"
"2132^2","2132^2"
"2132^3","2132^3"
"2144^4","2144^1"
"2144^5","2144^2"
"2161^1","2161^1"
"2161^2","2161^2"
"2161^3","2161^3"
"2161^4","2161^4"
"2161^5","2161^5"
"2167^1","2167^1"
"2167^2","2167^2"
"2168^MB1","2168^1"
"2168^MB2","2168^2"
"2168^MB3","2168^3"
"2171^1","2171^1"
"2171^2","2171^2"
"2187^2","2187^1"
"2226^1","2226^1"
"2236^1","2236^1"
"2240^6","2240^1"
"2240^7","2240^2"
"2240^8","2240^3"
"2241^B-1","2241^1"
"2241^B-2","2241^2"
"2241^B-3","2241^3"
"2244^4","2244^1"
"2244^5","2244^2"
"2277^1","2277^1"
"2277^2","2277^2"
"2291^1","2291^1"
"2291^2","2291^2"
"2291^3","2291^3"
"2291^4","2291^4"
"2291^5","2291^5"
"2322^5","2322^4"
"2322^6","2322^4"
"2322^GT5","2322^4"
"2322^GT6","2322^4"
"2322^7","2322^5"
"2322^8","2322^5"
"2322^GT7","2322^5"
"2322^GT8","2322^5"
"2324^4","2324^4"
"2330^1","2330^1"
"2330^2","2330^2"
"2336^3","2336^3"
"2336^4","2336^4"
"2336^8","2336^5"
"2336^9","2336^5"
"2364^1","2364^1"
"2364^2","2364^2"
"2367^4","2367^1"
"2367^5W","2367^2"
"2367^6","2367^3"
"2378^2","2378^2"
"2378^3","2378^3"
"2393^4","2393^1"
"2393^5","2393^1"
"2393^6","2393^1"
"2393^7","2393^1"
"2398^1101","2398^1"
"2398^1201","2398^1"
"2398^1301","2398^1"
"2398^1401","2398^1"
"2398^2101","2398^1"
"2398^2201","2398^1"
"2403^2","2403^2"
"2406^11","2406^1"
"2406^12","2406^1"
"2406^1101","2406^1"
"2406^1201","2406^1"
"2406^21","2406^2"
"2406^22","2406^2"
"2406^2101","2406^2"
"2406^2201","2406^2"
"2408^1","2408^1"
"2408^2","2408^2"
"2411^1","2411^1"
"2411^2","2411^2"
"2411^3","2411^3"
"2411^4","2411^4"
"2442^4","2442^4"
"2442^5","2442^5"
"2444^6","2444^1"
"2444^7","2444^2"
"2444^8","2444^3"
"2446^051B","2446^1"
"2450^1","2450^1"
"2450^2","2450^2"
"2450^3","2450^3"
"2451^1","2451^1"
"2451^2","2451^2"
"2451^3","2451^3"
"2451^4","2451^4"
"2454^121B","2454^1"
"2454^122B","2454^2"
"2465^GT1","2465^1"
"2465^HRSG1","2465^1"
"2480^1","2480^1"
"2480^2","2480^2"
"2480^3","2480^3"
"2480^4","2480^4"
"2490^20","2490^1"
"2490^30","2490^2"
"2493^60","2493^1"
"2493^70","2493^2"
"2500^10","2500^1"
"2500^20","2500^2"
"2500^30","2500^3"
"2500^4","2500^4"
"2500^40","2500^4"
"2511^10","2511^1"
"2511^20","2511^2"
"2516^1","2516^1"
"2516^2","2516^2"
"2516^3","2516^3"
"2516^4","2516^4"
"2517^3","2517^3"
"2517^4","2517^4"
"2527^6","2527^2"
"2535^1","2535^1"
"2535^2","2535^2"
"2539^5","2539^5"
"2539^6","2539^5"
"2539^7","2539^5"
"2549^67","2549^5"
"2549^68","2549^6"
"2554^2","2554^2"
"2594^5","2594^1"
"2594^6","2594^2"
"2625^1","2625^1"
"2625^2","2625^2"
"2682^9","2682^1"
"2682^10","2682^1"
"2682^HRSG","2682^1"
"2706^1","2706^1"
"2706^2","2706^2"
"2712^1","2712^1"
"2712^2","2712^2"
"2712^3A","2712^3"
"2712^3B","2712^3"
"2712^4A","2712^4"
"2712^4B","2712^4"
"2718^1","2718^1"
"2718^2","2718^2"
"2718^3","2718^3"
"2718^4","2718^4"
"2718^5","2718^5"
"2720^CT11","2720^5"
"2720^CT12","2720^5"
"2720^HRSG1","2720^5"
"2720^HRSG2","2720^5"
"2721^5","2721^5"
"2721^6","2721^6"
"2723^CT8","2723^4"
"2723^CT9","2723^4"
"2723^HRSG1","2723^4"
"2723^HRSG2","2723^4"
"2727^1","2727^1"
"2727^2","2727^2"
"2727^3","2727^3"
"2727^4","2727^4"
"2790^B1","2790^1"
"2790^B2","2790^2"
"2817^1","2817^1"
"2817^2","2817^2"
"2823^B1","2823^1"
"2823^B2","2823^2"
"2824^1","2824^1"
"2824^10","2824^1"
"2828^1","2828^1"
"2828^2","2828^2"
"2828^3","2828^3"
"2832^6","2832^1"
"2832^7","2832^2"
"2832^8","2832^3"
"2835^7","2835^1"
"2836^10","2836^1"
"2836^12","2836^2"
"2837^1","2837^1"
"2837^2","2837^2"
"2837^3","2837^3"
"2838^18","2838^1"
"2840^4","2840^4"
"2840^5","2840^5"
"2840^6","2840^6"
"2843^9","2843^1"
"2848^H-1","2848^1"
"2848^H-2","2848^2"
"2848^H-3","2848^3"
"2848^H-5","2848^5"
"2848^H-6","2848^6"
"2850^1","2850^1"
"2850^2","2850^2"
"2850^3","2850^3"
"2850^4","2850^4"
"2866^1","2866^1"
"2866^2","2866^2"
"2866^3","2866^3"
"2866^4","2866^4"
"2866^5","2866^5"
"2866^6","2866^6"
"2866^7","2866^7"
"2872^1","2872^1"
"2872^2","2872^2"
"2872^3","2872^3"
"2872^4","2872^4"
"2872^5","2872^5"
"2876^1","2876^1"
"2876^2","2876^2"
"2876^3","2876^3"
"2876^4","2876^4"
"2876^5","2876^5"
"2878^1","2878^1"
"2914^4","2914^1"
"2917^1","2917^1"
"2917^7","2917^1"
"2917^8","2917^1"
"2917^HRB","2917^1"
"2917^9","2917^2"
"2935^10","2935^1"
"2935^11","2935^1"
"2935^12","2935^1"
"2935^13","2935^1"
"2936^3","2936^1"
"2936^4","2936^1"
"2936^5","2936^1"
"2951^6","2951^1"
"2951^7","2951^2"
"2951^8","2951^3"
"2952^4","2952^2"
"2952^5","2952^3"
"2952^6","2952^4"
"2953^1","2953^1"
"2953^2","2953^2"
"2953^3","2953^3"
"2953^4","2953^4"
"2956^1","2956^1"
"2956^2","2956^2"
"2956^3","2956^3"
"2963^3302","2963^1"
"2963^3313","2963^2"
"2963^3314","2963^3"
"2963^1A","2963^4"
"2963^1B","2963^4"
"2963^3301A","2963^4"
"2963^3301B","2963^4"
"2964^8002","2964^1"
"2964^8003","2964^2"
"2964^801N","2964^3"
"2964^801S","2964^3"
"2965^1402","2965^1"
"2965^1404","2965^3"
"3000^1","3000^1"
"3000^2","3000^1"
"3006^1","3006^1"
"3006^2","3006^2"
"3006^3","3006^3"
"3006^4","3006^4"
"3006^5","3006^5"
"3006^6","3006^6"
"3008^1","3008^1"
"3008^2","3008^2"
"3008^3","3008^3"
"3096^3","3096^1"
"3096^2A","3096^1"
"3096^2B","3096^1"
"3096^HRSG2A","3096^1"
"3096^HRSG2B","3096^1"
"3096^HRSG3","3096^1"
"3113^1","3113^1"
"3113^2","3113^2"
"3118^1","3118^1"
"3118^2","3118^2"
"3122^1","3122^1"
"3122^2","3122^2"
"3122^3","3122^3"
"3130^1","3130^1"
"3130^2","3130^1"
"3131^1","3131^1"
"3131^2","3131^2"
"3131^3","3131^3"
"3131^4","3131^4"
"3136^1","3136^1"
"3136^2","3136^2"
"3138^3","3138^1"
"3138^4","3138^2"
"3138^5","3138^3"
"3140^1","3140^1"
"3140^2","3140^2"
"3140^3","3140^3"
"3148^3","3148^3"
"3148^4","3148^4"
"3149^1","3149^1"
"3149^2","3149^2"
"3161^3","3161^3"
"3161^4","3161^4"
"3176^5","3176^1"
"3176^6","3176^1"
"3176^HRSG 5","3176^1"
"3176^HRSG 6","3176^1"
"3236^GE9A","3236^1"
"3236^HRSG09","3236^1"
"3236^G10A","3236^2"
"3236^HRSG10","3236^2"
"3236^G11A","3236^3"
"3236^HRSG11","3236^3"
"3264^3","3264^3"
"3287^MCM1","3287^1"
"3287^MCM2","3287^2"
"3295^CT1","3295^1"
"3295^HRSG5","3295^1"
"3295^CT2","3295^2"
"3295^HRSG6","3295^2"
"3295^URQ3","3295^3"
"3297^WAT1","3297^1"
"3297^WAT2","3297^2"
"3298^WIL1","3298^1"
"3319^1","3319^1"
"3319^2","3319^2"
"3393^1","3393^1"
"3393^2","3393^2"
"3393^3","3393^3"
"3396^1","3396^1"
"3399^1","3399^1"
"3399^2","3399^2"
"3403^1","3403^1"
"3403^2","3403^2"
"3403^3","3403^3"
"3403^4","3403^4"
"3405^CTG1","3405^5"
"3405^CTG2","3405^5"
"3405^CTG3","3405^5"
"3405^HRSG1","3405^5"
"3406^1","3406^1"
"3406^10","3406^10"
"3406^2","3406^2"
"3406^3","3406^3"
"3406^4","3406^4"
"3406^5","3406^5"
"3406^6","3406^6"
"3406^7","3406^7"
"3406^8","3406^8"
"3406^9","3406^9"
"3407^1","3407^1"
"3407^2","3407^2"
"3407^3","3407^3"
"3407^4","3407^4"
"3407^5","3407^5"
"3407^6","3407^6"
"3407^7","3407^7"
"3407^8","3407^8"
"3407^9","3407^9"
"3441^8","3441^3"
"3441^9","3441^3"
"3443^7","3443^3"
"3443^HRSG9","3443^3"
"3452^1","3452^1"
"3452^2","3452^2"
"3453^6","3453^2"
"3453^7","3453^3"
"3453^8","3453^4"
"3456^1","3456^1"
"3456^2","3456^2"
"3456^3","3456^3"
"3456^CT1","3456^4"
"3456^CT2","3456^4"
"3456^HRSG1","3456^4"
"3456^HRSG2","3456^4"
"3456^5CT1","3456^5"
"3456^5CT2","3456^5"
"3456^HRSG3","3456^5"
"3456^HRSG4","3456^5"
"3457^1","3457^1"
"3457^2","3457^2"
"3459^1","3459^1"
"3459^2","3459^2"
"3459^3","3459^3"
"3459^4","3459^4"
"3459^5","3459^5"
"3460^CBY1","3460^1"
"3460^CBY2","3460^2"
"3464^GBY5","3464^1"
"3468^SRB1","3468^1"
"3468^SRB2","3468^2"
"3468^SRB3","3468^3"
"3468^SRB4","3468^4"
"3469^31","3469^2"
"3469^32","3469^2"
"3469^33","3469^2"
"3469^34","3469^2"
"3469^THWB31","3469^2"
"3469^THWB32","3469^2"
"3469^THWB33","3469^2"
"3469^THWB34","3469^2"
"3469^41","3469^3"
"3469^42","3469^3"
"3469^43","3469^3"
"3469^44","3469^3"
"3469^THWB41","3469^3"
"3469^THWB42","3469^3"
"3469^THWB43","3469^3"
"3469^THWB44","3469^3"
"3470^WAP1","3470^1"
"3470^WAP2","3470^2"
"3470^WAP3","3470^3"
"3470^WAP4","3470^4"
"3470^WAP5","3470^5"
"3470^WAP6","3470^6"
"3470^WAP7","3470^7"
"3470^WAP8","3470^8"
"3476^2","3476^1"
"3476^3","3476^2"
"3476^4","3476^3"
"3476^5","3476^4"
"3477^1","3477^1"
"3478^1","3478^1"
"3478^2","3478^2"
"3478^3","3478^3"
"3482^151B","3482^1"
"3482^152B","3482^2"
"3484^141B","3484^1"
"3484^142B","3484^2"
"3484^143B","3484^3"
"3485^111B","3485^1"
"3485^112B","3485^2"
"3485^113B","3485^3"
"3485^114B","3485^4"
"3490^1","3490^1"
"3490^2","3490^2"
"3491^3","3491^2"
"3491^4","3491^3"
"3491^5","3491^4"
"3497^1","3497^1"
"3497^2","3497^2"
"3504^1","3504^1"
"3504^2","3504^2"
"3507^9","3507^1"
"3548^1","3548^1"
"3548^2","3548^2"
"3559^9","3559^1"
"3559^HRSG9","3559^1"
"3559^SR5","3559^2"
"3576^BW2","3576^1"
"3576^BW3","3576^2"
"3576^CE1","3576^3"
"3601^1","3601^1"
"3601^2","3601^2"
"3601^3","3601^3"
"3602^1","3602^1"
"3602^2","3602^2"
"3604^7","3604^3"
"3604^8","3604^3"
"3604^6A","3604^3"
"3611^1","3611^1"
"3611^2","3611^2"
"3612^1","3612^1"
"3612^2","3612^2"
"3612^3","3612^3"
"3628^1","3628^1"
"3628^2","3628^2"
"3628^3","3628^3"
"3630^1","3630^1"
"3630^2","3630^2"
"3630^3","3630^3"
"3631^7","3631^2"
"3631^8","3631^2"
"3631^9","3631^2"
"3631^HRSG7","3631^2"
"3631^HRSG8","3631^2"
"3631^HRSG9","3631^2"
"3644^1","3644^1"
"3644^2","3644^2"
"3648^1","3648^1"
"3648^2","3648^2"
"3648^3","3648^3"
"3686^NA","3686^1"
"3775^1","3775^1"
"3775^2","3775^2"
"3775^3","3775^3"
"3776^6","3776^1"
"3776^51","3776^2"
"3776^52","3776^2"
"3796^3","3796^1"
"3796^4","3796^2"
"3797^3","3797^1"
"3797^4","3797^2"
"3797^5","3797^3"
"3797^6","3797^4"
"3797^CT7","3797^5"
"3797^CT8","3797^6"
"3804^3","3804^1"
"3804^4","3804^2"
"3804^5","3804^3"
"3804^6A","3804^4"
"3804^6B","3804^4"
"3809^1","3809^1"
"3809^2","3809^2"
"3809^3","3809^3"
"3845^BW21","3845^2"
"3845^BW22","3845^3"
"3935^1","3935^1"
"3935^2","3935^2"
"3935^3","3935^3"
"3936^1","3936^1"
"3936^2","3936^2"
"3938^11","3938^1"
"3938^21","3938^2"
"3938^31","3938^3"
"3938^41","3938^4"
"3943^1","3943^1"
"3943^2","3943^2"
"3944^1","3944^1"
"3944^2","3944^2"
"3944^3","3944^3"
"3947^1","3947^1"
"3947^2","3947^2"
"3947^3","3947^3"
"3948^1","3948^1"
"3948^2","3948^2"
"3954^1","3954^1"
"3954^2","3954^2"
"3954^3","3954^3"
"3982^1","3982^1"
"3982^2","3982^1"
"3982^5","3982^1"
"3992^8","3992^2"
"3992^9","3992^3"
"4005^1","4005^1"
"4005^2","4005^1"
"4040^1CT1","4040^1"
"4040^1CT2","4040^1"
"4040^BO11","4040^1"
"4040^BO12","4040^1"
"4040^2CT1","4040^2"
"4040^2CT2","4040^2"
"4040^BO21","4040^2"
"4040^BO22","4040^2"
"4041^5","4041^1"
"4041^6","4041^2"
"4041^7","4041^3"
"4041^8","4041^4"
"4042^1","4042^1"
"4042^2","4042^1"
"4042^3","4042^2"
"4042^4","4042^2"
"4050^3","4050^1"
"4050^4","4050^2"
"4050^5","4050^3"
"4054^1","4054^1"
"4054^2","4054^2"
"4072^5","4072^3"
"4072^6","4072^4"
"4072^7","4072^5"
"4072^8","4072^6"
"4078^1","4078^1"
"4078^2","4078^2"
"4078^3","4078^3"
"4078^4","4078^4"
"4125^8","4125^1"
"4125^9","4125^2"
"4143^1","4143^1"
"4146^B1","4146^1"
"4146^B2","4146^1"
"4158^BW41","4158^1"
"4158^BW42","4158^2"
"4158^BW43","4158^3"
"4158^BW44","4158^4"
"4162^1","4162^1"
"4162^2","4162^2"
"4162^3","4162^3"
"4195^1","4195^1"
"4195^2","4195^2"
"4195^3","4195^3"
"4259^1","4259^1"
"4266^4","4266^4"
"4266^5","4266^5"
"4271^B1","4271^1"
"4937^CT-1","4937^2"
"4937^CT-2","4937^2"
"4939^1","4939^1"
"4939^3","4939^2"
"4939^4","4939^2"
"4940^1501","4940^1"
"4940^1502","4940^2"
"4941^1","4941^1"
"4941^2","4941^2"
"4941^3","4941^3"
"6002^1","6002^1"
"6002^2","6002^2"
"6002^3","6002^3"
"6002^4","6002^4"
"6004^1","6004^1"
"6004^2","6004^2"
"6009^1","6009^1"
"6009^2","6009^2"
"6013^1","6013^1"
"6013^2","6013^1"
"6016^1","6016^1"
"6017^1","6017^1"
"6017^2","6017^2"
"6018^2","6018^1"
"6019^1","6019^1"
"6021^C1","6021^1"
"6021^C2","6021^2"
"6021^C3","6021^3"
"6030^1","6030^1"
"6030^2","6030^2"
"6031^2","6031^1"
"6034^1","6034^1"
"6034^2","6034^2"
"6035^1","6035^1"
"6041^1","6041^1"
"6041^2","6041^2"
"6041^3","6041^3"
"6041^4","6041^4"
"6042^3A","6042^1"
"6042^3B","6042^1"
"6042^3C","6042^1"
"6042^3D","6042^1"
"6042^A","6042^1"
"6042^B","6042^1"
"6042^C","6042^1"
"6042^D","6042^1"
"6042^PMT1","6042^2"
"6042^PMT2","6042^3"
"6043^PMR1","6043^1"
"6043^PMR2","6043^2"
"6043^3GT1","6043^3"
"6043^3GT2","6043^3"
"6043^PMR3","6043^3"
"6043^4GT1","6043^4"
"6043^4GT2","6043^4"
"6043^PMR4","6043^4"
"6043^8A","6043^5"
"6043^8B","6043^5"
"6043^8C","6043^5"
"6043^8D","6043^5"
"6043^PMR8A","6043^5"
"6043^PMR8B","6043^5"
"6043^PMR8C","6043^5"
"6043^PMR8D","6043^5"
"6052^1","6052^1"
"6052^2","6052^2"
"6055^2B1","6055^1"
"6055^2B2","6055^2"
"6055^2B3","6055^3"
"6056^K1","6056^1"
"6056^K2","6056^2"
"6056^K3","6056^3"
"6056^K4","6056^4"
"6061^1","6061^1"
"6061^2","6061^2"
"6064^N1","6064^1"
"6065^1","6065^1"
"6065^2","6065^2"
"6068^1","6068^1"
"6068^2","6068^2"
"6068^3","6068^3"
"6071^1","6071^1"
"6071^2","6071^2"
"6073^1","6073^1"
"6073^2","6073^2"
"6073^3","6073^3"
"6073^3A","6073^3"
"6073^3B","6073^3"
"6073^3CT","6073^3"
"6073^4","6073^4"
"6073^4A","6073^4"
"6073^4B","6073^4"
"6073^4CT","6073^4"
"6076^1","6076^1"
"6076^2","6076^2"
"6076^3","6076^3"
"6076^4","6076^4"
"6077^1","6077^1"
"6077^2","6077^2"
"6081^1A","6081^1"
"6081^1B","6081^1"
"6081^1C","6081^1"
"6081^CT1","6081^1"
"6081^CT2","6081^1"
"6081^CT3","6081^1"
"6082^1","6082^1"
"6085^14","6085^1"
"6085^15","6085^2"
"6085^17","6085^3"
"6085^18","6085^4"
"6089^B1","6089^1"
"6090^1","6090^1"
"6090^2","6090^2"
"6090^3","6090^3"
"6094^1","6094^1"
"6094^2","6094^2"
"6094^3","6094^3"
"6095^1","6095^1"
"6095^2","6095^2"
"6096^1","6096^1"
"6096^2","6096^2"
"6098^1","6098^1"
"6101^BW91","6101^1"
"6106^1SG","6106^1"
"6112^2","6112^1"
"6112^3","6112^1"
"6112^4","6112^1"
"6113^1","6113^1"
"6113^2","6113^2"
"6113^3","6113^3"
"6113^4","6113^4"
"6113^5","6113^5"
"6124^1","6124^1"
"6136^1","6136^1"
"6137^1","6137^1"
"6137^2","6137^2"
"6138^1","6138^1"
"6139^1","6139^1"
"6139^2","6139^2"
"6139^3","6139^3"
"6146^1","6146^1"
"6146^2","6146^2"
"6146^3","6146^3"
"6147^1","6147^1"
"6147^2","6147^2"
"6147^3","6147^3"
"6155^1","6155^1"
"6155^2","6155^2"
"6156^NHB1","6156^1"
"6165^1","6165^1"
"6165^2","6165^2"
"6165^3","6165^3"
"6166^MB1","6166^1"
"6166^MB2","6166^2"
"6170^1","6170^1"
"6170^2","6170^2"
"6177^U1B","6177^1"
"6177^U2B","6177^2"
"6178^1","6178^1"
"6179^1","6179^1"
"6179^2","6179^2"
"6179^3","6179^3"
"6180^1","6180^1"
"6180^2","6180^2"
"6181^1","6181^1"
"6181^2","6181^2"
"6183^SM-1","6183^1"
"6190^1","6190^1"
"6190^2","6190^2"
"6190^3-1","6190^3"
"6190^3-2","6190^3"
"6193^061B","6193^1"
"6193^062B","6193^2"
"6193^063B","6193^3"
"6194^171B","6194^1"
"6194^172B","6194^2"
"6195^1","6195^1"
"6195^2","6195^2"
"6204^1","6204^1"
"6204^2","6204^2"
"6204^3","6204^3"
"6213^1SG1","6213^1"
"6213^2SG1","6213^2"
"6225^1","6225^1"
"6243^1","6243^1"
"6248^1","6248^1"
"6249^1","6249^1"
"6249^2","6249^2"
"6249^3","6249^3"
"6249^4","6249^4"
"6250^1A","6250^1"
"6250^1B","6250^1"
"6254^1","6254^1"
"6257^1","6257^1"
"6257^2","6257^2"
"6257^3","6257^3"
"6257^4","6257^4"
"6264^1","6264^1"
"6285^GT3","6285^1"
"6285^HRSG1","6285^1"
"6288^1","6288^1"
"6288^2","6288^2"
"6358^2","6358^1"
"6358^HRSG1","6358^1"
"6469^B1","6469^1"
"6469^B2","6469^2"
"6474^1","6474^1"
"6478^3","6478^1"
"6478^4","6478^2"
"6481^1SGA","6481^1"
"6481^2SGA","6481^2"
"6504^14","6504^1"
"6504^16","6504^1"
"6504^M14","6504^1"
"6504^M16","6504^1"
"6504^17","6504^2"
"6504^19","6504^2"
"6504^M17","6504^2"
"6504^M19","6504^2"
"6558^3","6558^1"
"6558^4","6558^2"
"6559^5","6559^1"
"6559^7","6559^1"
"6559^5B","6559^1"
"6559^7GB","6559^1"
"6639^G1","6639^1"
"6639^G2","6639^2"
"6641^1","6641^1"
"6641^2","6641^2"
"6648^4","6648^1"
"6664^101","6664^1"
"6705^1","6705^1"
"6705^2","6705^2"
"6705^3","6705^3"
"6705^4","6705^4"
"6761^101","6761^1"
"6768^1","6768^1"
"6772^1","6772^1"
"6823^W1","6823^1"
"7013^4","7013^1"
"7030^U1","7030^1"
"7030^U2","7030^2"
"7082^5","7082^1"
"7082^6","7082^1"
"7082^HRSG5","7082^1"
"7082^HRSG6","7082^1"
"7097^BLR1","7097^1"
"7097^BLR2","7097^2"
"7130^1","7130^1"
"7153^HR1","7153^1"
"7153^HR2","7153^1"
"7153^HR3","7153^1"
"7153^HRSG1","7153^1"
"7153^HRSG2","7153^1"
"7153^HRSG3","7153^1"
"7153^HR5","7153^2"
"7153^HR6","7153^2"
"7153^HR7","7153^2"
"7153^HRSG5","7153^2"
"7153^HRSG6","7153^2"
"7153^HRSG7","7153^2"
"7210^COP1","7210^1"
"7213^1","7213^1"
"7213^2","7213^2"
"7238^2","7238^1"
"7238^MS2B","7238^1"
"7238^3","7238^2"
"7238^MS3B","7238^2"
"7238^4","7238^3"
"7238^MS4","7238^3"
"7242^1A","7242^1"
"7242^1B","7242^1"
"7242^1C","7242^1"
"7242^1CT","7242^1"
"7242^2A","7242^1"
"7242^2B","7242^1"
"7242^2C","7242^1"
"7242^NA","7242^1"
"7294^GTG","7294^1"
"7294^NA","7294^1"
"7296^2-1","7296^1"
"7296^2-2","7296^1"
"7296^HRSG21","7296^1"
"7296^HRSG22","7296^1"
"7302^1A","7302^1"
"7302^1B","7302^1"
"7302^1GT","7302^1"
"7302^1GT2","7302^1"
"7302^2A","7302^2"
"7302^2B","7302^2"
"7302^2GT","7302^2"
"7302^2GT2","7302^2"
"7302^3A","7302^3"
"7302^3B","7302^3"
"7302^3GT","7302^3"
"7302^3GT2","7302^3"
"7302^4A","7302^4"
"7302^4B","7302^4"
"7302^4GT","7302^4"
"7302^4GT2","7302^4"
"7307^5","7307^1"
"7307^6","7307^1"
"7307^4HRSG","7307^1"
"7314^EIA01","7314^1"
"7314^NA1","7314^1"
"7343^4","7343^1"
"7350^1","7350^1"
"7350^SG01","7350^1"
"7380^CT1","7380^1"
"7380^CT2","7380^1"
"7380^HRSG1","7380^1"
"7380^HRSG2","7380^1"
"7504^2","7504^1"
"7512^1","7512^1"
"7512^2","7512^1"
"7513^BOIL1","7513^1"
"7527^CCCT","7527^1"
"7527^HRSG","7527^1"
"7546^3","7546^1"
"7546^HRSG1","7546^1"
"7549^1","7549^1"
"7549^2","7549^1"
"7549^3","7549^1"
"7551^CT1A","7551^1"
"7551^CT1B","7551^1"
"7551^HRSGA","7551^1"
"7551^HRSGB","7551^1"
"7552^CCCT","7552^1"
"7552^HRSG","7552^1"
"7604^1","7604^1"
"7604^2","7604^2"
"7605^1","7605^1"
"7697^1","7697^1"
"7698^1","7698^1"
"7698^HRSG1","7698^1"
"7699^1","7699^1"
"7699^CT1","7699^1"
"7701^4","7701^1"
"7701^5","7701^1"
"7710^1A","7710^1"
"7710^1B","7710^1"
"7710^CT1A","7710^1"
"7710^CT1B","7710^1"
"7710^2A","7710^2"
"7710^2B","7710^2"
"7710^CT2A","7710^2"
"7710^CT2B","7710^2"
"7710^3A","7710^3"
"7710^3B","7710^3"
"7710^CT3A","7710^3"
"7710^CT3B","7710^3"
"7721^1","7721^1"
"7721^HRSG","7721^1"
"7737^B001","7737^1"
"7737^RB01","7737^1"
"7757^1","7757^1"
"7757^2","7757^1"
"7757^5","7757^1"
"7757^3","7757^1"
"7757^4","7757^1"
"7784^1","7784^1"
"7784^HRSG","7784^1"
"7790^1-1","7790^1"
"7805^4","7805^1"
"7805^7","7805^1"
"7805^8","7805^1"
"7805^9","7805^2"
"7805^10","7805^2"
"7805^ST5","7805^2"
"7826^4","7826^1"
"7826^5","7826^1"
"7832^7","7832^1"
"7832^8","7832^1"
"7834^1A","7834^1"
"7834^1B","7834^1"
"7834^CT1A","7834^1"
"7834^CT1B","7834^1"
"7845^CTG1","7845^1"
"7845^CTG2","7845^1"
"7845^HRSG","7845^1"
"7846^2","7846^1"
"7846^3","7846^1"
"7846^HRSG2","7846^1"
"7846^HRSG3","7846^1"
"7870^CTG1","7870^1"
"7870^CTG2","7870^1"
"7870^CTG3","7870^1"
"7870^HRSG1","7870^1"
"7873^1A","7873^1"
"7873^1B","7873^1"
"7873^1C","7873^1"
"7873^2A","7873^2"
"7873^2B","7873^2"
"7873^2C","7873^2"
"7873^2D","7873^2"
"7887^2","7887^1"
"7887^3","7887^1"
"7887^HRSG2","7887^1"
"7887^HRSG3","7887^1"
"7897^1A","7897^1"
"7897^1B","7897^1"
"7897^CT1A","7897^1"
"7897^CT1B","7897^1"
"7897^2A","7897^2"
"7897^2B","7897^2"
"7897^CT2A","7897^2"
"7897^CT2B","7897^2"
"7900^5A","7900^1"
"7902^1","7902^1"
"7917^1","7917^1"
"7917^2","7917^1"
"7917^8A","7917^1"
"7917^8B","7917^1"
"7931^1","7931^1"
"7931^SG02","7931^1"
"7946^CT1","7946^1"
"7946^CT2","7946^1"
"7946^HRSG1","7946^1"
"7946^HRSG2","7946^1"
"7985^GT1","7985^1"
"7985^GT2","7985^1"
"7985^HRSG1","7985^1"
"7985^HRSG2","7985^1"
"7991^1","7991^1"
"7991^CT2","7991^1"
"7991^HRSG1","7991^1"
"7991^HRSG2","7991^1"
"7999^CT1","7999^1"
"7999^CT2","7999^1"
"7999^HRSG1","7999^1"
"7999^HRSG2","7999^1"
"8000^CT1","8000^1"
"8000^CT2","8000^1"
"8000^SG1","8000^1"
"8000^SG2","8000^1"
"8002^1","8002^1"
"8006^1","8006^1"
"8006^2","8006^2"
"8023^1","8023^1"
"8023^2","8023^2"
"8031^1","8031^1"
"8031^2","8031^1"
"8031^11","8031^1"
"8031^12","8031^1"
"8042^1","8042^1"
"8042^2","8042^2"
"8048^1","8048^1"
"8048^2","8048^2"
"8054^1","8054^1"
"8056^1","8056^1"
"8056^2","8056^2"
"8059^7251","8059^1"
"8059^7252","8059^1"
"8059^1G1","8059^1"
"8059^1G2","8059^1"
"8066^BW71","8066^1"
"8066^BW72","8066^2"
"8066^BW73","8066^3"
"8066^BW74","8066^4"
"8068^ST1","8068^1"
"8068^ST2","8068^2"
"8068^ST3","8068^3"
"8068^ST4","8068^4"
"8068^5A","8068^5"
"8068^5B","8068^5"
"8068^ST5A","8068^5"
"8068^ST5B","8068^5"
"8068^6A","8068^6"
"8068^ST6A","8068^6"
"8069^1","8069^1"
"8069^2","8069^2"
"8073^1","8073^1"
"8073^2","8073^1"
"8073^3","8073^1"
"8073^4","8073^1"
"8073^5","8073^1"
"8073^6","8073^1"
"8083^CT4","8083^1"
"8083^CT5","8083^1"
"8083^ST7","8083^1"
"8102^1","8102^1"
"8102^2","8102^2"
"8219^1","8219^1"
"8222^B1","8222^1"
"8223^1","8223^1"
"8223^2","8223^2"
"8223^3","8223^3"
"8223^4","8223^4"
"8224^1","8224^1"
"8224^2","8224^2"
"8226^1","8226^1"
"8906^20","8906^1"
"8906^30","8906^2"
"8906^50","8906^4"
"10003^BLR1","10003^1"
"10003^BLR2","10003^1"
"10003^BLR4","10003^1"
"10003^BLR5","10003^1"
"10012^1","10012^1"
"10012^2","10012^1"
"10013^1","10013^1"
"10013^2","10013^1"
"10030^DOVCC1","10030^1"
"10030^KD-1","10030^1"
"10034^GEN1","10034^1"
"10034^HRSG1","10034^1"
"10043^B01","10043^1"
"10052^BLR1","10052^1"
"10062^BLR1","10062^1"
"10062^BLR2","10062^1"
"10062^BLR3","10062^1"
"10062^BLR4","10062^1"
"10071^1A","10071^1"
"10071^1B","10071^1"
"10071^1C","10071^1"
"10071^2A","10071^2"
"10071^2B","10071^2"
"10071^2C","10071^2"
"10075^1","10075^1"
"10075^2","10075^2"
"10075^3","10075^3"
"10090^SMB001","10090^1"
"10099^GEN1","10099^1"
"10099^HRSG1","10099^1"
"10113^CFB1","10113^1"
"10113^CFB2","10113^1"
"10118^1","10118^1"
"10118^2","10118^1"
"10118^3","10118^1"
"10143^ABB01","10143^1"
"10148^BLR 1","10148^1"
"10148^BLR 2","10148^1"
"10151^BLR1A","10151^1"
"10151^BLR1B","10151^1"
"10156^GEN4","10156^1"
"10156^HRSG1","10156^1"
"10168^GTG1","10168^1"
"10168^HRSG1","10168^1"
"10169^GEN1","10169^1"
"10169^HRSG1","10169^1"
"10190^GEN1","10190^1"
"10190^HRSG-1","10190^1"
"10250^1","10250^1"
"10250^2","10250^1"
"10290^EU1","10290^1"
"10294^GTG","10294^1"
"10294^HRSG1","10294^1"
"10300^BLR1","10300^1"
"10300^BLR2","10300^1"
"10307^CT1","10307^1"
"10307^CT2","10307^1"
"10307^HRSG1","10307^1"
"10307^HRSG2","10307^1"
"10308^CT1","10308^1"
"10308^CT2","10308^1"
"10308^HRSG1","10308^1"
"10308^HRSG2","10308^1"
"10333^1","10333^1"
"10342^EIHRSG","10342^1"
"10342^TG1","10342^1"
"10342^TG2","10342^1"
"10343^SG-101","10343^1"
"10346^BOIL01","10346^1"
"10350^GEN1","10350^1"
"10350^HRSG","10350^1"
"10354^1","10354^1"
"10356^BOIL1","10356^1"
"10377^1A","10377^1"
"10377^1B","10377^1"
"10377^1C","10377^1"
"10377^2A","10377^2"
"10377^2B","10377^2"
"10377^2C","10377^2"
"10378^1A","10378^1"
"10378^1B","10378^1"
"10378^1C","10378^1"
"10378^2A","10378^2"
"10378^2B","10378^2"
"10378^2C","10378^2"
"10379^1A","10379^1"
"10379^1B","10379^1"
"10379^1C","10379^1"
"10381^1A","10381^1"
"10381^1B","10381^1"
"10382^UNIT1","10382^1"
"10382^UNIT2","10382^1"
"10384^1A","10384^1"
"10384^1B","10384^1"
"10384^2A","10384^2"
"10384^2B","10384^2"
"10395^1","10395^1"
"10405^GEN1","10405^1"
"10405^HRSG1","10405^1"
"10435^SG101A","10435^1"
"10435^SG101B","10435^1"
"10435^SG101C","10435^1"
"10437^1SH","10437^1"
"10439^3U100","10439^1"
"10440^4U100","10440^1"
"10441^5U100","10441^1"
"10442^6U100","10442^1"
"10443^7U100","10443^1"
"10444^HTFHTR","10444^1"
"10446^HTFHTR","10446^1"
"10464^E0001","10464^1"
"10464^E0002","10464^1"
"10464^E0003","10464^1"
"10495^6","10495^1"
"10495^7","10495^1"
"10495^CRECV","10495^1"
"10502^2","10502^1"
"10503^SG201A","10503^1"
"10503^SG201B","10503^1"
"10525^4A","10525^1"
"10566^BOIL1","10566^1"
"10566^BOIL2","10566^1"
"10567^GTG","10567^1"
"10567^GTG2","10567^1"
"10567^H101","10567^1"
"10593^BLR1","10593^1"
"10603^31","10603^1"
"10617^GEN1","10617^1"
"10617^HRSG50","10617^1"
"10620^GEN1","10620^1"
"10620^HRSG","10620^1"
"10621^GEN1","10621^1"
"10621^HRSG50","10621^1"
"10629^BLR1","10629^1"
"10629^BLR2","10629^1"
"10629^BLR3","10629^1"
"10633^GT1","10633^1"
"10633^GT2","10633^1"
"10633^GT3","10633^1"
"10633^HRSG1","10633^1"
"10633^HRSG2","10633^1"
"10633^HRSG3","10633^1"
"10641^B1","10641^1"
"10641^B2","10641^1"
"10642^1","10642^1"
"10642^2","10642^1"
"10642^3","10642^1"
"10643^1","10643^1"
"10643^2","10643^1"
"10643^3","10643^1"
"10646^BLR1","10646^1"
"10646^BLR2","10646^1"
"10652^BLR1","10652^1"
"10652^BLR2","10652^1"
"10671^1A","10671^1"
"10671^1B","10671^1"
"10671^2A","10671^2"
"10671^2B","10671^2"
"10672^CBA","10672^1"
"10672^CBB","10672^1"
"10672^CBC","10672^1"
"10673^BLRA","10673^1"
"10673^BLRB","10673^1"
"10676^2","10676^1"
"10676^3","10676^1"
"10676^4","10676^1"
"10676^5","10676^1"
"10678^BLR1","10678^1"
"10682^GT1","10682^1"
"10682^HR1","10682^1"
"10682^GT3","10682^2"
"10682^HR2","10682^2"
"10682^GT4","10682^3"
"10682^GT5","10682^3"
"10682^HR4","10682^3"
"10682^HR5","10682^3"
"10686^5","10686^1"
"10686^6","10686^1"
"10686^7","10686^1"
"10686^8","10686^1"
"10725^GEN1","10725^1"
"10725^GEN3","10725^1"
"10725^GEN4","10725^1"
"10725^HRSG1","10725^1"
"10725^HRSG2","10725^1"
"10725^HRSG3","10725^1"
"10726^GEN1","10726^1"
"10726^GEN2","10726^1"
"10726^ST","10726^1"
"10741^G102","10741^1"
"10741^G103","10741^1"
"10741^G104","10741^1"
"10741^HRSG2","10741^1"
"10741^HRSG3","10741^1"
"10741^HRSG4","10741^1"
"10743^CFB1","10743^1"
"10743^CFB2","10743^1"
"10745^160","10745^1"
"10745^170","10745^1"
"10745^180","10745^1"
"10745^190","10745^1"
"10745^200","10745^1"
"10745^210","10745^1"
"10745^09HR82","10745^1"
"10745^10HR82","10745^1"
"10745^11HR82","10745^1"
"10745^12HR82","10745^1"
"10745^13HR82","10745^1"
"10745^14HR82","10745^1"
"10745^GT10","10745^1"
"10745^GT11","10745^1"
"10745^GT12","10745^1"
"10745^GT13","10745^1"
"10745^GT14","10745^1"
"10745^GT3","10745^1"
"10745^GT4","10745^1"
"10745^GT5","10745^1"
"10745^GT6","10745^1"
"10745^GT7","10745^1"
"10745^GT8","10745^1"
"10745^GT9","10745^1"
"10746^BLR1","10746^1"
"10746^BLR2","10746^1"
"10746^BLR3","10746^1"
"10746^BLR4","10746^1"
"10746^BLR5","10746^1"
"10746^BLR6","10746^1"
"10751^GEN1","10751^1"
"10751^HRSG1","10751^1"
"10755^GT2","10755^1"
"10755^GT3","10755^1"
"10755^GT4","10755^1"
"10755^HR2","10755^1"
"10755^HR3","10755^1"
"10755^HR4","10755^1"
"10761^2A2B","10761^1"
"10761^GEN3","10761^1"
"10761^GEN4","10761^1"
"10761^3A3B","10761^2"
"10761^GEN5","10761^2"
"10761^GEN6","10761^2"
"10761^GEN1","10761^3"
"10761^HRSG1","10761^3"
"10764^Zurn","10764^1"
"10765^CFB002","10765^1"
"10766^CFB001","10766^1"
"10767^CFB","10767^1"
"10768^CFB","10768^1"
"10771^1","10771^1"
"10771^2","10771^1"
"10772^CFB","10772^1"
"10773^1","10773^1"
"10773^2","10773^1"
"10774^1","10774^1"
"10774^2","10774^1"
"10777^ZURN1","10777^1"
"10784^BLR1","10784^1"
"10805^GEN1","10805^1"
"10805^NA","10805^1"
"10810^GEN1","10810^1"
"10810^NA","10810^1"
"10811^GEN1","10811^1"
"10811^HRSG1","10811^1"
"10812^GEN1","10812^1"
"10812^NA","10812^1"
"10819^GEN1","10819^1"
"10819^HRSG1","10819^1"
"10822^BOIL1","10822^1"
"10836^BLR1","10836^1"
"10837^B1","10837^1"
"10838^BLR1","10838^1"
"10839^BLR1","10839^1"
"10840^U1","10840^1"
"10840^U2","10840^2"
"10869^NORTH","10869^1"
"10869^SOUTH","10869^1"
"50002^GEN1","50002^1"
"50002^GEN2","50002^1"
"50002^GEN3","50002^1"
"50002^NA","50002^1"
"50006^GTG1","50006^1"
"50006^GTG2","50006^1"
"50006^GTG3","50006^1"
"50006^GTG4","50006^1"
"50006^GTG5","50006^1"
"50006^GTG6","50006^1"
"50006^HRSG1","50006^1"
"50006^HRSG2","50006^1"
"50006^HRSG3","50006^1"
"50006^HRSG4","50006^1"
"50006^HRSG5","50006^1"
"50071^BLR1","50071^1"
"50071^BLR2","50071^1"
"50099^NA","50099^1"
"50109^GEN1","50109^1"
"50109^GEN2","50109^1"
"50109^HRSG1","50109^1"
"50109^HRSG2","50109^1"
"50127^GTA","50127^1"
"50127^GTB","50127^1"
"50127^GTC","50127^1"
"50127^HRSGA","50127^1"
"50127^HRSGB","50127^1"
"50127^HRSGC","50127^1"
"50201^WB1","50201^1"
"50202^1","50202^1"
"50208^B1","50208^1"
"50215^101","50215^1"
"50215^102","50215^1"
"50215^103","50215^1"
"50225^1SG1A","50225^1"
"50225^1SG1B","50225^1"
"50243^5","50243^1"
"50243^8","50243^1"
"50243^9","50243^1"
"50273^NA","50273^1"
"50277^BLR1","50277^1"
"50279^MAIN","50279^1"
"50290^1","50290^1"
"50290^2","50290^1"
"50290^3","50290^1"
"50292^GEN1","50292^1"
"50292^GEN2","50292^1"
"50292^HRSG1","50292^1"
"50292^HRSG2","50292^1"
"50292^GEN6","50292^2"
"50292^HRSG3","50292^2"
"50293^BLR100","50293^1"
"50308^3","50308^1"
"50308^4","50308^1"
"50308^5","50308^1"
"50308^6","50308^1"
"50308^7","50308^1"
"50308^8","50308^1"
"50385^GEN1","50385^1"
"50385^GEN2","50385^1"
"50385^HRSG1","50385^1"
"50385^HRSG2","50385^1"
"50407^7PB","50407^1"
"50407^8PB","50407^1"
"50449^GEN1","50449^1"
"50449^HRSG1","50449^1"
"50450^GEN1","50450^1"
"50450^HRSG1","50450^1"
"50451^GEN1","50451^1"
"50451^HRSG1","50451^1"
"50458^GEN1","50458^1"
"50458^HRSG1","50458^1"
"50472^BLR1","50472^1"
"50472^BLR2","50472^1"
"50472^BLR3","50472^1"
"50472^BLR4","50472^1"
"50497^GTG1","50497^1"
"50497^GTG2","50497^1"
"50497^GTG3","50497^1"
"50497^HRSG1","50497^1"
"50498^GTG","50498^1"
"50498^HRSG","50498^1"
"50541^GEN1","50541^1"
"50541^HR200","50541^1"
"50541^HRSG1","50541^1"
"50555^EIA01","50555^1"
"50555^GEN1","50555^1"
"50555^GEN2","50555^1"
"50558^GT01","50558^1"
"50558^HRSG","50558^1"
"50560^B101","50560^1"
"50561^1","50561^1"
"50561^2","50561^1"
"50561^GTG1","50561^1"
"50561^GTG2","50561^1"
"50572^GEN1","50572^1"
"50572^GEN2","50572^1"
"50572^GEN3","50572^1"
"50572^GEN4","50572^1"
"50611^31","50611^1"
"50629^1","50629^1"
"50629^2","50629^1"
"50630^BLR1","50630^1"
"50630^BLR2","50630^1"
"50632^1","50632^1"
"50632^2","50632^1"
"50648^UNIT1","50648^1"
"50648^UNIT2","50648^1"
"50650^BLR1","50650^1"
"50656^UNIT1","50656^1"
"50656^UNIT2","50656^1"
"50656^UNIT3","50656^1"
"50657^1","50657^1"
"50657^2","50657^1"
"50657^3","50657^1"
"50658^1","50658^1"
"50658^2","50658^1"
"50658^3","50658^1"
"50658^4","50658^1"
"50661^A","50661^1"
"50661^B","50661^1"
"50666^B1","50666^1"
"50666^B2","50666^1"
"50666^B3","50666^1"
"50707^HRSG A","50707^1"
"50707^HRSG B","50707^1"
"50707^HRSG C","50707^1"
"50707^HRSG D","50707^1"
"50707^HRSG E","50707^1"
"50707^LMA","50707^1"
"50707^LMB","50707^1"
"50707^LMC","50707^1"
"50707^LMD","50707^1"
"50707^LME","50707^1"
"50739^100","50739^1"
"50744^GEN1","50744^1"
"50744^HRSG","50744^1"
"50748^GEN1","50748^1"
"50748^NA","50748^1"
"50770^B1","50770^1"
"50771^B1","50771^1"
"50772^B1","50772^1"
"50774^1","50774^1"
"50776^BLR1","50776^1"
"50776^BLR2","50776^1"
"50799^GEN1","50799^1"
"50799^GEN2","50799^1"
"50799^WH 1","50799^1"
"50799^WH 2","50799^1"
"50815^GEN1","50815^1"
"50815^GEN2","50815^1"
"50815^GEN3","50815^1"
"50815^GEN4","50815^1"
"50815^GEN5","50815^1"
"50815^GEN7","50815^1"
"50815^HRB1","50815^1"
"50815^HRB2","50815^1"
"50835^1","50835^1"
"50835^2","50835^1"
"50837^UNIT1","50837^1"
"50837^UNIT2","50837^1"
"50837^UNIT3","50837^1"
"50850^GEN1","50850^1"
"50851^GEN1","50851^1"
"50851^NA","50851^1"
"50852^GEN1","50852^1"
"50852^HRSG1","50852^1"
"50858^MWC1B","50858^1"
"50858^MWC2C","50858^1"
"50858^MWC3D","50858^1"
"50858^MWC4E","50858^1"
"50859^BLR1","50859^1"
"50859^BLR2","50859^1"
"50859^BLR3","50859^1"
"50872^B1","50872^1"
"50872^B2","50872^1"
"50873^B1","50873^1"
"50873^B2","50873^1"
"50875^1","50875^1"
"50875^2","50875^1"
"50875^3","50875^1"
"50875^4","50875^1"
"50876^GEN1","50876^1"
"50876^NA","50876^1"
"50877^B1","50877^1"
"50877^B2","50877^1"
"50878^UNIT1","50878^1"
"50878^UNIT2","50878^1"
"50879^BLR1","50879^1"
"50880^UNIT1","50880^1"
"50880^UNIT2","50880^1"
"50881^BLR1","50881^1"
"50881^BLR2","50881^1"
"50881^BLR3","50881^1"
"50882^1","50882^1"
"50882^2","50882^1"
"50882^3","50882^1"
"50883^BLR1","50883^1"
"50883^BLR2","50883^1"
"50883^BLR3","50883^1"
"50884^B101","50884^1"
"50884^B102","50884^1"
"50884^B103","50884^2"
"50885^BLR1","50885^1"
"50885^BLR2","50885^1"
"50886^1-1A","50886^1"
"50886^1-1B","50886^1"
"50887^BLR1","50887^1"
"50887^BLR2","50887^1"
"50887^BLR3","50887^1"
"50888^BLR1","50888^1"
"50921^NA","50921^1"
"50931^BLR1","50931^1"
"50931^BLR2","50931^1"
"50949^1A","50949^1"
"50949^1B","50949^1"
"50949^GEN1","50949^1"
"50949^GEN2","50949^1"
"50951^1","50951^1"
"50966^1","50966^1"
"50966^2","50966^1"
"50974^UNIT 1","50974^1"
"50974^UNIT 2","50974^1"
"50976^AAB01","50976^1"
"50978^GEN1","50978^1"
"50978^GEN2","50978^1"
"50978^HRSG1","50978^1"
"50978^HRSG2","50978^1"
"50993^NA","50993^1"
"51026^BLR1","51026^1"
"51030^GEN1","51030^1"
"51030^GEN2","51030^1"
"51030^HRSG1","51030^1"
"51030^HRSG2","51030^1"
"52007^BLR1","52007^1"
"52007^BLR2","52007^2"
"52010^BLR1","52010^1"
"52010^BLR2","52010^1"
"52010^BLR3","52010^2"
"52019^GEN1","52019^1"
"52019^GEN2","52019^1"
"52019^HR501","52019^1"
"52019^HR502","52019^1"
"52019^GEN4","52019^2"
"52019^GEN5","52019^2"
"52019^HR601","52019^2"
"52019^HR602","52019^2"
"52026^GEN1","52026^1"
"52026^HRSG","52026^1"
"52056^4","52056^1"
"52056^GT1","52056^1"
"52071^5A","52071^1"
"52071^5B","52071^1"
"52088^GEN2","52088^1"
"52088^GEN3","52088^1"
"52088^GEN4","52088^1"
"52088^HRSG 1","52088^1"
"52088^HRSG 2","52088^1"
"52088^HRSG 3","52088^1"
"52118^101","52118^1"
"52118^102","52118^1"
"52118^103","52118^1"
"52176^GEN1","52176^1"
"52176^GEN2","52176^1"
"52176^HRSG1","52176^1"
"52176^HRSG2","52176^1"
"54015^NA","54015^1"
"54033^BLR1","54033^1"
"54033^BLR2","54033^1"
"54033^BLR3","54033^1"
"54034^GEN1","54034^1"
"54034^HRSG","54034^1"
"54035^BLR1","54035^1"
"54041^4","54041^1"
"54041^GEN1","54041^1"
"54041^GEN2","54041^1"
"54041^GEN3","54041^1"
"54056^GEN1","54056^1"
"54056^HRSG","54056^1"
"54076^GEN1","54076^1"
"54076^HRSG1","54076^1"
"54081^1A","54081^1"
"54081^1B","54081^1"
"54081^2A","54081^2"
"54081^2B","54081^2"
"54081^3A","54081^3"
"54081^3B","54081^3"
"54081^4A","54081^4"
"54081^4B","54081^4"
"54114^GEN1","54114^1"
"54114^GEN2","54114^1"
"54114^HRSG1","54114^1"
"54114^HRSG2","54114^1"
"54131^GEN1","54131^1"
"54131^HR123","54131^1"
"54238^BIOMS1","54238^1"
"54268^E101","54268^1"
"54268^E201","54268^1"
"54268^E301","54268^1"
"54271^CTG1","54271^1"
"54271^CTG2","54271^1"
"54271^HRSG1","54271^1"
"54271^HRSG2","54271^1"
"54304^1A","54304^1"
"54324^GEN1","54324^1"
"54324^GEN2","54324^1"
"54324^HRSG3","54324^1"
"54324^HRSG4","54324^1"
"54349^AUX","54349^1"
"54349^GTA","54349^1"
"54349^GTB","54349^1"
"54349^GTC","54349^1"
"54350^AUX","54350^1"
"54350^GTA","54350^1"
"54350^GTB","54350^1"
"54350^GTC","54350^1"
"54365^APC1","54365^1"
"54365^APC2","54365^1"
"54365^HRSG1","54365^1"
"54415^101613","54415^1"
"54423^GT1","54423^1"
"54423^GT2","54423^1"
"54423^HRSG1","54423^1"
"54423^HRSG2","54423^1"
"54424^GT1","54424^1"
"54424^GT2","54424^1"
"54424^HRSG1","54424^1"
"54424^HRSG2","54424^1"
"54426^GT1","54426^1"
"54426^HRSG1","54426^1"
"54466^GEN1","54466^1"
"54476^GEN1","54476^1"
"54476^HRSG1","54476^1"
"54526^1","54526^1"
"54529^1","54529^1"
"54537^CT1A","54537^1"
"54537^CT1B","54537^1"
"54537^HRSGA","54537^1"
"54537^HRSGB","54537^1"
"54547^1","54547^1"
"54547^2","54547^1"
"54547^HRSG 1","54547^1"
"54547^HRSG 2","54547^1"
"54547^3","54547^2"
"54547^4","54547^2"
"54547^HRSG 3","54547^2"
"54547^HRSG 4","54547^2"
"54561^GT-G","54561^1"
"54561^NA","54561^1"
"54574^GEN1","54574^1"
"54574^GEN2","54574^1"
"54574^HRSG1","54574^1"
"54574^HRSG2","54574^1"
"54579^1002","54579^1"
"54586^HRSG","54586^1"
"54586^TRENT","54586^1"
"54592^GEN1","54592^1"
"54592^HRSG1","54592^1"
"54593^GEN1","54593^1"
"54593^HRSG","54593^1"
"54620^B1","54620^1"
"54626^BL01","54626^1"
"54627^A","54627^1"
"54627^B","54627^1"
"54627^C","54627^1"
"54634^1","54634^1"
"54640^GEN1","54640^1"
"54640^GEN2","54640^1"
"54640^HRSG1","54640^1"
"54640^HRSG2","54640^1"
"54646^1","54646^1"
"54646^2","54646^1"
"54646^CT1","54646^1"
"54646^CT2","54646^1"
"54676^G81","54676^1"
"54676^G82","54676^1"
"54676^G83","54676^1"
"54676^H81","54676^1"
"54676^H82","54676^1"
"54676^H83","54676^1"
"54693^GT#1","54693^1"
"54693^GT#2","54693^1"
"54693^GT#5","54693^1"
"54693^GT#6","54693^1"
"54693^HRSG 1","54693^1"
"54693^HRSG 2","54693^1"
"54693^HRSG 5","54693^1"
"54693^HRSG 6","54693^1"
"54694^GEN1","54694^1"
"54694^HRSG","54694^1"
"54746^1","54746^1"
"54746^2","54746^1"
"54749^CTG","54749^1"
"54749^HRSG1","54749^1"
"54751^BLR1","54751^1"
"54755^BLR2","54755^1"
"54758^BW1","54758^1"
"54758^BW2","54758^1"
"54761^GEN2","54761^1"
"54761^HRSG1","54761^1"
"54761^GEN4","54761^2"
"54761^HRSG3","54761^2"
"54785^1CT","54785^1"
"54785^B25","54785^1"
"54785^GEN2","54785^1"
"54805^GT-1","54805^1"
"54805^HRSG1","54805^1"
"54817^GT-1","54817^1"
"54817^HRSG","54817^1"
"54832^1","54832^1"
"54832^2","54832^1"
"54832^HRSGA","54832^1"
"54832^HRSGB","54832^1"
"54844^1","54844^1"
"54844^GOR1","54844^1"
"54844^2","54844^2"
"54844^GOR2","54844^2"
"54914^1","54914^1"
"54914^2","54914^1"
"54914^HRSG1","54914^1"
"54914^HRSG2","54914^1"
"54915^G101","54915^1"
"54915^HRB101","54915^1"
"54945^11","54945^1"
"54945^12","54945^1"
"54945^13","54945^1"
"54974^NA","54974^1"
"55010^1","55010^1"
"55010^CTG1","55010^1"
"55011^1","55011^1"
"55011^CTG1","55011^1"
"55026^UNT1","55026^1"
"55040^101","55040^1"
"55040^201","55040^1"
"55040^CT1","55040^1"
"55040^CT2","55040^1"
"55041^GEN2","55041^1"
"55042^GEN1","55042^1"
"55042^GEN2","55042^1"
"55042^HRSG1","55042^1"
"55042^HRSG2","55042^1"
"55043^GT1","55043^1"
"55043^HRSG1","55043^1"
"55047^CTG1","55047^1"
"55047^HRSG1","55047^1"
"55047^CTG2","55047^2"
"55047^CTG3","55047^2"
"55047^HRSG2","55047^2"
"55047^HRSG3","55047^2"
"55048^HRSG1","55048^1"
"55048^UNT1","55048^1"
"55062^GTG1","55062^1"
"55062^GTG2","55062^1"
"55062^GTG3","55062^1"
"55062^HRSG1","55062^1"
"55062^HRSG2","55062^1"
"55062^HRSG3","55062^1"
"55063^CTG1","55063^1"
"55063^HRSG1","55063^1"
"55063^CTG2","55063^2"
"55063^HRSG2","55063^2"
"55063^CTG3","55063^3"
"55063^HRSG3","55063^3"
"55065^GEN1","55065^1"
"55065^GEN2","55065^1"
"55065^HRSG1","55065^1"
"55065^HRSG2","55065^1"
"55068^GEN1","55068^1"
"55068^GEN2","55068^1"
"55068^HRSG1","55068^1"
"55068^HRSG2","55068^1"
"55075^CT01","55075^1"
"55075^HRSG","55075^1"
"55076^AA001","55076^1"
"55076^AA002","55076^1"
"55077^1","55077^1"
"55077^2","55077^1"
"55077^ED01","55077^1"
"55077^ED02","55077^1"
"55079^CT01","55079^1"
"55079^HRSG1","55079^1"
"55084^GE1","55084^1"
"55086^GT1A","55086^1"
"55086^GT1B","55086^1"
"55086^HRSG1A","55086^1"
"55086^HRSG1B","55086^1"
"55087^2A","55087^1"
"55087^2B","55087^1"
"55088^EUCTG1","55088^1"
"55088^EUCTG2","55088^1"
"55088^EUCTG3","55088^1"
"55090^NA","55090^1"
"55091^STK1","55091^1"
"55091^STK2","55091^2"
"55091^STK3","55091^3"
"55091^STK4","55091^4"
"55091^STK5","55091^5"
"55091^STK6","55091^6"
"55096^GT","55096^1"
"55096^HRSG1","55096^1"
"55097^CTG1","55097^1"
"55097^CTG2","55097^1"
"55097^HRSG1","55097^1"
"55097^HRSG2","55097^1"
"55097^CTG3","55097^2"
"55097^CTG4","55097^2"
"55097^HRSG3","55097^2"
"55097^HRSG4","55097^2"
"55098^GEN1","55098^1"
"55098^GEN2","55098^1"
"55098^HRSG1","55098^1"
"55098^HRSG2","55098^1"
"55100^HRSG","55100^1"
"55100^UNT1","55100^1"
"55103^CT1","55103^1"
"55103^CT2","55103^1"
"55103^HRSG1","55103^1"
"55103^HRSG2","55103^1"
"55104^CTG1","55104^1"
"55104^CTG2","55104^1"
"55104^HRSG1","55104^1"
"55104^HRSG2","55104^1"
"55107^CTG1","55107^1"
"55107^CTG2","55107^1"
"55107^HRSG01","55107^1"
"55107^HRSG02","55107^1"
"55112^CT01","55112^1"
"55112^CT02","55112^1"
"55112^HRSG1","55112^1"
"55112^HRSG2","55112^1"
"55123^CTG1","55123^1"
"55123^CTG2","55123^1"
"55123^HRSG1","55123^1"
"55123^HRSG2","55123^1"
"55124^259611","55124^1"
"55124^259612","55124^1"
"55124^CTG1","55124^1"
"55124^CTG2","55124^1"
"55126^CA01","55126^1"
"55126^CA02","55126^1"
"55129^CTG1","55129^1"
"55129^CTG2","55129^1"
"55129^HRSG1","55129^1"
"55129^HRSG2","55129^1"
"55131^B1","55131^1"
"55131^CTG1","55131^1"
"55131^B2","55131^2"
"55131^CTG2","55131^2"
"55131^B3","55131^3"
"55131^CTG3","55131^3"
"55131^B4","55131^4"
"55131^CTG4","55131^4"
"55132^GTG1","55132^1"
"55132^GTG2","55132^1"
"55132^GTG3","55132^1"
"55132^HRSG1","55132^1"
"55132^HRSG2","55132^1"
"55132^HRSG3","55132^1"
"55137^101","55137^1"
"55137^201","55137^1"
"55137^301","55137^1"
"55137^CTG1","55137^1"
"55137^CTG2","55137^1"
"55137^CTG3","55137^1"
"55139^CTG1","55139^1"
"55139^CTG2","55139^1"
"55139^HRSG1","55139^1"
"55139^HRSG2","55139^1"
"55144^U1","55144^1"
"55144^U2","55144^2"
"55144^U3","55144^3"
"55144^U4","55144^4"
"55146^1","55146^1"
"55146^CTG1","55146^1"
"55146^2","55146^2"
"55146^CTG2","55146^2"
"55146^3","55146^3"
"55146^CTG3","55146^3"
"55149^U1","55149^1"
"55149^U2","55149^2"
"55149^U3","55149^3"
"55151^GEN1","55151^1"
"55151^GEN2","55151^2"
"55151^GEN3","55151^3"
"55151^GEN4","55151^4"
"55153^CTG1","55153^1"
"55153^CTG2","55153^1"
"55153^HRSG1","55153^1"
"55153^HRSG2","55153^1"
"55153^CTG3","55153^2"
"55153^CTG4","55153^2"
"55153^HRSG3","55153^2"
"55153^HRSG4","55153^2"
"55154^1","55154^1"
"55154^2","55154^1"
"55154^CTA","55154^1"
"55154^CTB","55154^1"
"55168^1","55168^1"
"55168^2","55168^1"
"55168^HRSG1A","55168^1"
"55168^HRSG1B","55168^1"
"55170^CT11","55170^1"
"55170^CT12","55170^1"
"55170^STB1","55170^1"
"55170^STB2","55170^1"
"55172^GT-1","55172^1"
"55172^GT-2","55172^1"
"55172^HRSG1","55172^1"
"55172^HRSG2","55172^1"
"55172^GT-3","55172^2"
"55172^HRSG3","55172^2"
"55173^CT11","55173^1"
"55173^CT12","55173^1"
"55173^HRSG11","55173^1"
"55173^HRSG12","55173^1"
"55173^CT24","55173^2"
"55173^CT25","55173^2"
"55173^HRSG24","55173^2"
"55173^HRSG25","55173^2"
"55176^GEN1","55176^1"
"55176^GEN2","55176^1"
"55176^HRSG 1","55176^1"
"55176^HRSG 2","55176^1"
"55177^A","55177^1"
"55177^B","55177^1"
"55177^HRSG A","55177^1"
"55177^HRSG B","55177^1"
"55178^CT-1","55178^1"
"55178^CT-2","55178^1"
"55178^HRSG1","55178^1"
"55178^HRSG2","55178^1"
"55179^1","55179^1"
"55179^CTG1","55179^1"
"55182^HRSG1","55182^1"
"55182^HRSG2","55182^1"
"55182^X718","55182^1"
"55182^X719","55182^1"
"55183^CT1","55183^1"
"55183^HRSG1","55183^1"
"55183^CT2","55183^2"
"55183^HRSG2","55183^2"
"55187^GT1","55187^1"
"55187^GT2","55187^1"
"55187^GT3","55187^1"
"55187^GT4","55187^1"
"55187^HRSG1","55187^1"
"55187^HRSG2","55187^1"
"55187^HRSG3","55187^1"
"55187^HRSG4","55187^1"
"55188^HRSG11","55188^1"
"55188^HRSG21","55188^1"
"55188^PT11","55188^1"
"55188^PT21","55188^1"
"55193^CTG1","55193^1"
"55193^CTG2","55193^1"
"55193^HRSG1","55193^1"
"55193^HRSG2","55193^1"
"55197^1","55197^1"
"55197^CTG1","55197^1"
"55197^2","55197^2"
"55197^CTG2","55197^2"
"55197^3","55197^3"
"55197^CTG3","55197^3"
"55200^HRSG5","55200^1"
"55200^HSRG6","55200^1"
"55200^UN5","55200^1"
"55200^UN6","55200^1"
"55206^CT1","55206^1"
"55206^CT2","55206^1"
"55206^HRSG1","55206^1"
"55206^HRSG2","55206^1"
"55210^1","55210^1"
"55211^U1","55211^1"
"55211^U2","55211^2"
"55212^U1","55212^1"
"55212^U2","55212^2"
"55215^CTG1","55215^1"
"55215^CTG2","55215^1"
"55215^HRSG1","55215^1"
"55215^HRSG2","55215^1"
"55215^CTG3","55215^2"
"55215^CTG4","55215^2"
"55215^HRSG3","55215^2"
"55215^HRSG4","55215^2"
"55216^HRSG 1","55216^1"
"55216^HRSG 2","55216^1"
"55216^HRSG 3","55216^1"
"55216^UNT1","55216^1"
"55216^UNT2","55216^1"
"55216^UNT3","55216^1"
"55217^CTG1","55217^1"
"55217^CTG2","55217^1"
"55217^HRSG1","55217^1"
"55217^HRSG2","55217^1"
"55218^H01","55218^1"
"55218^H02","55218^1"
"55220^A01","55220^1"
"55220^A02","55220^1"
"55220^HRSG1","55220^1"
"55220^HRSG2","55220^1"
"55221^G1","55221^1"
"55221^G2","55221^1"
"55221^G3","55221^1"
"55221^G4","55221^1"
"55221^G5","55221^1"
"55221^G6","55221^1"
"55221^G7","55221^1"
"55221^HRSG1","55221^1"
"55221^HRSG2","55221^1"
"55221^HRSG3","55221^1"
"55221^HRSG4","55221^1"
"55221^HRSG5","55221^1"
"55221^HRSG6","55221^1"
"55221^HRSG7","55221^1"
"55223^GT1","55223^1"
"55223^HRSG1","55223^1"
"55225^CTG1","55225^1"
"55225^CTG2","55225^1"
"55225^HRSG-1","55225^1"
"55225^HRSG-2","55225^1"
"55225^CTG3","55225^2"
"55225^CTG4","55225^2"
"55225^HRSG-3","55225^2"
"55225^HRSG-4","55225^2"
"55226^1","55226^1"
"55226^2","55226^1"
"55226^GT1","55226^1"
"55226^GT2","55226^1"
"55226^3","55226^2"
"55226^4","55226^2"
"55226^GT3","55226^2"
"55226^GT4","55226^2"
"55230^CT1","55230^1"
"55230^CT2","55230^1"
"55230^HRSG1","55230^1"
"55230^HRSG2","55230^1"
"55230^CT3","55230^2"
"55230^CT4","55230^2"
"55230^HRSG3","55230^2"
"55230^HRSG4","55230^2"
"55231^GTG1","55231^1"
"55231^GTG2","55231^1"
"55231^HRSG1","55231^1"
"55231^HRSG2","55231^1"
"55239^1","55239^1"
"55239^2","55239^1"
"55239^3","55239^1"
"55239^HRSG1","55239^1"
"55239^HRSG2","55239^1"
"55239^HRSG3","55239^1"
"55241^CT01","55241^1"
"55241^HRSG1","55241^1"
"55242^CT01","55242^1"
"55242^HRSG2","55242^1"
"55259^1100","55259^1"
"55259^2100","55259^1"
"55259^CT1","55259^1"
"55259^CT2","55259^1"
"55269^1","55269^1"
"55269^CTG1","55269^1"
"55269^2","55269^2"
"55269^CTG2","55269^2"
"55269^3","55269^3"
"55269^CTG3","55269^3"
"55270^7EA","55270^1"
"55270^HRSG1","55270^1"
"55270^HRSG2","55270^1"
"55270^HRSG3","55270^1"
"55270^HRSG4","55270^1"
"55270^HRSG5","55270^1"
"55270^HRSG6","55270^1"
"55270^HRSG7","55270^1"
"55270^LM1","55270^1"
"55270^LM2","55270^1"
"55270^LM3","55270^1"
"55270^LM4","55270^1"
"55270^LM5","55270^1"
"55270^LM6","55270^1"
"55271^GTG1","55271^1"
"55271^GTG2","55271^1"
"55271^GTG3","55271^1"
"55271^HRSG1","55271^1"
"55271^HRSG2","55271^1"
"55271^HRSG3","55271^1"
"55282^CTG1","55282^1"
"55282^CTG2","55282^1"
"55282^HRSG1","55282^1"
"55282^HRSG2","55282^1"
"55283^1","55283^1"
"55283^2","55283^1"
"55283^HRSG1","55283^1"
"55283^HRSG2","55283^1"
"55292^CTG1","55292^1"
"55292^CTG2","55292^1"
"55292^CTG3","55292^1"
"55292^HRSG1","55292^1"
"55292^HRSG2","55292^1"
"55292^HRSG3","55292^1"
"55293^CTG1","55293^1"
"55293^CTG2","55293^1"
"55293^CTG3","55293^1"
"55293^HRSG 1","55293^1"
"55293^HRSG 2","55293^1"
"55293^HRSG 3","55293^1"
"55294^GTG1","55294^1"
"55294^GTG2","55294^1"
"55294^HRSG1","55294^1"
"55294^HRSG2","55294^1"
"55295^CT1","55295^1"
"55295^CT2","55295^1"
"55295^HRSG1","55295^1"
"55295^HRSG2","55295^1"
"55297^1","55297^1"
"55297^HRSG1","55297^1"
"55297^2","55297^2"
"55297^HRSG2","55297^2"
"55297^3","55297^3"
"55297^HRSG3","55297^3"
"55298^CT1A","55298^1"
"55298^CT1B","55298^1"
"55298^HRSG1A","55298^1"
"55298^HRSG1B","55298^1"
"55298^CT2A","55298^2"
"55298^CT2B","55298^2"
"55298^HRSG2A","55298^2"
"55298^HRSG2B","55298^2"
"55299^CTG1","55299^1"
"55299^CTG2","55299^1"
"55299^CTG3","55299^1"
"55299^HRSG1","55299^1"
"55299^HRSG2","55299^1"
"55299^HRSG3","55299^1"
"55302^NA","55302^1"
"55306^4 A","55306^1"
"55306^4 B","55306^1"
"55306^CTG7","55306^1"
"55306^CTG8","55306^1"
"55317^11","55317^1"
"55317^12","55317^1"
"55317^GT11","55317^1"
"55317^GT12","55317^1"
"55320^GT1","55320^1"
"55320^GT2","55320^1"
"55320^HRSG1","55320^1"
"55320^HRSG2","55320^1"
"55322^CTG1","55322^1"
"55322^CTG2","55322^1"
"55322^HRSG1","55322^1"
"55322^HRSG2","55322^1"
"55322^CTG3","55322^2"
"55322^CTG4","55322^2"
"55322^HRSG3","55322^2"
"55322^HRSG4","55322^2"
"55327^CTG1","55327^1"
"55327^CTG2","55327^1"
"55327^CTG3","55327^1"
"55327^HRSG1","55327^1"
"55327^HRSG2","55327^1"
"55327^HRSG3","55327^1"
"55328^CTG1","55328^1"
"55328^CTG2","55328^1"
"55328^HRSG 1","55328^1"
"55328^HRSG 2","55328^1"
"55333^CTG1","55333^1"
"55333^CTG2","55333^1"
"55333^CTG3","55333^1"
"55333^HRSG1","55333^1"
"55333^HRSG2","55333^1"
"55333^HRSG3","55333^1"
"55334^CTG1","55334^1"
"55334^CTG2","55334^1"
"55334^HRSG 1","55334^1"
"55334^HRSG 2","55334^1"
"55337^CT1","55337^1"
"55337^CT2","55337^1"
"55337^HRSG11","55337^1"
"55337^HRSG12","55337^1"
"55340^CTG1","55340^1"
"55340^CTG2","55340^1"
"55340^HRSG1","55340^1"
"55340^HRSG2","55340^1"
"55343^1","55343^1"
"55343^2","55343^1"
"55343^CTG1","55343^1"
"55343^CTG2","55343^1"
"55345^1-01","55345^1"
"55345^1-02","55345^1"
"55345^HRSG 1","55345^1"
"55345^HRSG 2","55345^1"
"55350^1","55350^1"
"55350^2","55350^1"
"55357^CTG1","55357^1"
"55357^CTG2","55357^1"
"55357^HRSG1","55357^1"
"55357^HRSG2","55357^1"
"55358^CT1","55358^1"
"55358^FB1","55358^1"
"55358^CT2","55358^2"
"55358^FB2","55358^2"
"55358^CT3","55358^3"
"55358^FB3","55358^3"
"55358^CT4","55358^4"
"55358^FB4","55358^4"
"55364^1A","55364^1"
"55364^1B","55364^1"
"55364^CT01","55364^1"
"55364^CT02","55364^1"
"55369^CT1","55369^1"
"55369^CT2","55369^1"
"55369^HRSG1","55369^1"
"55369^HRSG2","55369^1"
"55372^CTG1","55372^1"
"55372^HRSG1","55372^1"
"55372^CTG2","55372^2"
"55372^HRSG2","55372^2"
"55372^CTG3","55372^3"
"55372^HRSG3","55372^3"
"55375^CT1","55375^1"
"55375^CT2","55375^1"
"55375^HRSG1","55375^1"
"55375^HRSG2","55375^1"
"55380^1 A","55380^1"
"55380^1 B","55380^1"
"55380^CTG1","55380^1"
"55380^CTG2","55380^1"
"55380^2 A","55380^2"
"55380^2 B","55380^2"
"55380^CTG3","55380^2"
"55380^CTG4","55380^2"
"55380^3 A","55380^3"
"55380^3 B","55380^3"
"55380^CTG5","55380^3"
"55380^CTG6","55380^3"
"55380^4 A","55380^4"
"55380^4 B","55380^4"
"55380^CTG7","55380^4"
"55380^CTG8","55380^4"
"55382^1GT1","55382^1"
"55382^1GT2","55382^1"
"55382^1H1100","55382^1"
"55382^1H2100","55382^1"
"55382^2GT1","55382^2"
"55382^2GT2","55382^2"
"55382^2H1100","55382^2"
"55382^2H2100","55382^2"
"55386^CT1","55386^1"
"55386^CT2","55386^1"
"55386^DB1","55386^1"
"55386^DB2","55386^1"
"55393^CTG1","55393^1"
"55393^CTG2","55393^1"
"55393^HRSG 1","55393^1"
"55393^HSRG 2","55393^1"
"55397^CT1","55397^1"
"55397^CT2","55397^1"
"55397^DB1","55397^1"
"55397^DB2","55397^1"
"55400^CTG1","55400^1"
"55400^CTG2","55400^1"
"55400^HRSG1","55400^1"
"55400^HRSG2","55400^1"
"55404^CTG1","55404^1"
"55404^CTG2","55404^1"
"55404^HRSG1","55404^1"
"55404^HRSG2","55404^1"
"55405^CT1","55405^1"
"55405^HRSG01","55405^1"
"55405^CT2","55405^2"
"55405^HRSG02","55405^2"
"55405^CT3","55405^3"
"55405^HRSG03","55405^3"
"55406^HRSG1","55406^1"
"55406^HRSG2","55406^1"
"55406^UNT1","55406^1"
"55406^UNT2","55406^1"
"55411^HEC1","55411^1"
"55411^HEC2","55411^1"
"55411^HRSG1","55411^1"
"55411^HRSG2","55411^1"
"55412^HRSG1","55412^1"
"55412^HRSG2","55412^1"
"55412^OEC1","55412^1"
"55412^OEC2","55412^1"
"55418^1H1100","55418^1"
"55418^1H2100","55418^1"
"55418^CT1","55418^1"
"55418^CT2","55418^1"
"55439^CTG1","55439^1"
"55439^CTG2","55439^1"
"55439^CTG3","55439^1"
"55439^HRSG1","55439^1"
"55439^HRSG2","55439^1"
"55439^HRSG3","55439^1"
"55440^CTG1","55440^1"
"55440^CTG2","55440^1"
"55440^CTG3","55440^1"
"55440^HRSG1","55440^1"
"55440^HRSG2","55440^1"
"55440^HRSG3","55440^1"
"55451^CTG1","55451^1"
"55451^FB1","55451^1"
"55451^CTG2","55451^2"
"55451^FB2","55451^2"
"55451^CTG3","55451^3"
"55451^FB3","55451^3"
"55455^CT1A","55455^1"
"55455^CT1B","55455^1"
"55455^HRSG1A","55455^1"
"55455^HRSG1B","55455^1"
"55455^CT2A","55455^2"
"55455^CT2B","55455^2"
"55455^HRSG2A","55455^2"
"55455^HRSG2B","55455^2"
"55457^1","55457^1"
"55457^CT1","55457^1"
"55457^CT2","55457^1"
"55463^CT01","55463^1"
"55463^FB1","55463^1"
"55463^CT02","55463^2"
"55463^FB2","55463^2"
"55463^CT03","55463^3"
"55463^FB3","55463^3"
"55463^CT04","55463^4"
"55463^FB4","55463^4"
"55464^CTG1","55464^1"
"55464^CTG2","55464^1"
"55464^CTG3","55464^1"
"55464^CTG4","55464^1"
"55464^CTG6","55464^1"
"55464^HRSG1","55464^1"
"55464^HRSG2","55464^1"
"55464^HRSG3","55464^1"
"55464^HRSG4","55464^1"
"55464^HRSG6","55464^1"
"55467^1","55467^1"
"55467^CTG1","55467^1"
"55467^2","55467^2"
"55467^CTG2","55467^2"
"55467^3","55467^3"
"55467^CTG3","55467^3"
"55479^3","55479^1"
"55480^HRSG 1","55480^1"
"55480^HRSG 2","55480^1"
"55480^HRSG 3","55480^1"
"55480^U1","55480^1"
"55480^U2","55480^1"
"55480^U3","55480^1"
"55480^HRSG 4","55480^2"
"55480^HRSG 5","55480^2"
"55480^HRSG 6","55480^2"
"55480^U4","55480^2"
"55480^U5","55480^2"
"55480^U6","55480^2"
"55481^5","55481^1"
"55481^6","55481^1"
"55481^GT3","55481^1"
"55481^GT4","55481^1"
"55482^G1","55482^1"
"55482^HRSG1","55482^1"
"55501^CTG1","55501^1"
"55501^CTG2","55501^1"
"55501^HRSG1","55501^1"
"55501^HRSG2","55501^1"
"55501^CTG3","55501^2"
"55501^CTG4","55501^2"
"55501^HRSG3","55501^2"
"55501^HRSG4","55501^2"
"55502^1100","55502^1"
"55502^1200","55502^1"
"55502^1A","55502^1"
"55502^1B","55502^1"
"55502^2100","55502^2"
"55502^2200","55502^2"
"55502^2A","55502^2"
"55502^2B","55502^2"
"55503^CTG1","55503^1"
"55503^CTG2","55503^1"
"55503^CTG3","55503^1"
"55503^HRSG1","55503^1"
"55503^HRSG2","55503^1"
"55503^HRSG3","55503^1"
"55514^CTG01","55514^1"
"55514^CTG02","55514^1"
"55514^CTG1","55514^1"
"55514^CTG2","55514^1"
"55516^CTG1","55516^1"
"55516^CTG2","55516^1"
"55516^DB1","55516^1"
"55516^DB2","55516^1"
"55518^1","55518^1"
"55518^2","55518^1"
"55518^3","55518^1"
"55518^CTG1","55518^1"
"55518^CTG2","55518^1"
"55518^CTG3","55518^1"
"55524^CTG1","55524^1"
"55524^CTG2","55524^1"
"55524^CTG3","55524^1"
"55524^HRSG1","55524^1"
"55524^HRSG2","55524^1"
"55524^HRSG3","55524^1"
"55545^CTG1","55545^1"
"55545^CTG2","55545^1"
"55545^HRSG1","55545^1"
"55545^HRSG2","55545^1"
"55592^1","55592^1"
"55592^2","55592^1"
"55592^HRSG 1","55592^1"
"55592^HRSG 2","55592^1"
"55596^1","55596^1"
"55596^2","55596^1"
"55596^3","55596^1"
"55596^5","55596^1"
"55596^HRSG 1","55596^1"
"55596^HRSG 2","55596^1"
"55596^HRSG 3","55596^1"
"55598^1","55598^1"
"55598^2","55598^1"
"55620^1-1","55620^1"
"55620^1-2","55620^1"
"55620^CT-1","55620^1"
"55620^CT-2","55620^1"
"55641^CTG1","55641^1"
"55641^CTG2","55641^1"
"55641^HRSG1","55641^1"
"55641^HRSG2","55641^1"
"55656^CT01","55656^1"
"55656^CT02","55656^1"
"55656^HRSG01","55656^1"
"55656^HRSG02","55656^1"
"55656^CT04","55656^2"
"55656^HRSG04","55656^2"
"55661^GT-1","55661^1"
"55661^GT-2","55661^1"
"55661^HRSG1","55661^1"
"55661^HRSG2","55661^1"
"55662^CT1","55662^1"
"55662^CT2","55662^1"
"55662^ST1","55662^1"
"55664^GT-1","55664^1"
"55664^GT-2","55664^1"
"55664^HCCP 1","55664^1"
"55664^HCCP 2","55664^1"
"55667^G1","55667^1"
"55667^G2","55667^1"
"55667^HRSG 1","55667^1"
"55667^HRSG 2","55667^1"
"55687^A01","55687^1"
"55687^A02","55687^1"
"55687^HRSG1","55687^1"
"55687^HRSG2","55687^1"
"55690^CTG1","55690^1"
"55690^CTG2","55690^1"
"55690^CTG3","55690^1"
"55690^HRSG1","55690^1"
"55690^HRSG2","55690^1"
"55690^HRSG3","55690^1"
"55690^CTG5","55690^2"
"55690^CTG6","55690^2"
"55690^CTG7","55690^2"
"55690^HRSG5","55690^2"
"55690^HRSG6","55690^2"
"55690^HRSG7","55690^2"
"55694^CT1","55694^1"
"55694^CT2","55694^1"
"55694^HSG1","55694^1"
"55694^HSG2","55694^1"
"55700^CTG1","55700^1"
"55700^HRSG1","55700^1"
"55701^CT01","55701^1"
"55701^CT02","55701^1"
"55701^P001","55701^1"
"55701^P002","55701^1"
"55706^CTG1","55706^1"
"55706^CTG2","55706^1"
"55706^CTG3","55706^1"
"55706^HRG101","55706^1"
"55706^HRG201","55706^1"
"55706^HRG301","55706^1"
"55708^BLR1","55708^1"
"55710^STB","55710^1"
"55710^UNT3","55710^1"
"55710^UNT4","55710^1"
"55714^GT1","55714^1"
"55714^GT2","55714^1"
"55714^HRSG1","55714^1"
"55714^HRSG2","55714^1"
"55736^1GT1","55736^1"
"55736^1GT2","55736^1"
"55736^1HR1","55736^1"
"55736^1HR2","55736^1"
"55736^2GT1","55736^2"
"55736^2GT2","55736^2"
"55736^2HR1","55736^2"
"55736^2HR2","55736^2"
"55748^CTG1","55748^1"
"55748^CTG2","55748^1"
"55748^CTG3","55748^1"
"55748^CTG4","55748^1"
"55748^HRSG1","55748^1"
"55748^HRSG2","55748^1"
"55748^HRSG3","55748^1"
"55748^HRSG4","55748^1"
"55749^PC1","55749^1"
"55801^CT13","55801^1"
"55801^CT1A","55801^1"
"55801^CTIB","55801^1"
"55801^HRSG1","55801^1"
"55801^HRSG2","55801^1"
"55801^HRSG3","55801^1"
"55818^FICT","55818^1"
"55818^HRSG-1","55818^1"
"55821^25","55821^1"
"55821^26","55821^1"
"55821^A","55821^1"
"55821^B","55821^1"
"55835^CTG1","55835^1"
"55835^CTG2","55835^1"
"55835^HRSG 1","55835^1"
"55835^HRSG 2","55835^1"
"55841^A01","55841^1"
"55841^A03","55841^1"
"55841^CT1","55841^1"
"55841^CT2","55841^1"
"55853^1","55853^1"
"55853^2","55853^2"
"55856^PC1","55856^1"
"55856^PC2","55856^2"
"55867^B1","55867^1"
"55927^CT1","55927^1"
"55927^CT2","55927^1"
"55927^CT3","55927^1"
"55927^HRSG1","55927^1"
"55927^HRSG2","55927^1"
"55927^HRSG3","55927^1"
"55933^3H0301","55933^1"
"55933^4H0401","55933^1"
"55933^TPP1","55933^1"
"55933^TPP2","55933^1"
"55939^CT01","55939^1"
"55939^CT02","55939^1"
"55939^CT03","55939^1"
"55965^6A","55965^1"
"55965^6B","55965^1"
"55965^CT6A","55965^1"
"55965^CT6B","55965^1"
"55965^7A","55965^2"
"55965^7B","55965^2"
"55965^CT7A","55965^2"
"55965^CT7B","55965^2"
"55966^GT1","55966^1"
"55966^HRSG","55966^1"
"55970^2","55970^1"
"55970^3","55970^1"
"55970^HRSGA","55970^1"
"55970^HRSGB","55970^1"
"55976^101","55976^1"
"55976^201","55976^1"
"55976^301","55976^1"
"55977^1","55977^1"
"55977^CTG1","55977^1"
"55985^CTG1","55985^1"
"55985^CTG2","55985^1"
"55985^HRSG1","55985^1"
"55985^HRSG2","55985^1"
"55990^1","55990^1"
"55990^2","55990^1"
"55990^3","55990^1"
"55990^4","55990^1"
"55990^5","55990^1"
"55990^HRSG1","55990^1"
"55990^HRSG2","55990^1"
"55990^HRSG3","55990^1"
"55990^HRSG4","55990^1"
"55990^HRSG5","55990^1"
"56006^NA","56006^1"
"56026^CTG1","56026^1"
"56026^CTG2","56026^1"
"56026^HRSG1","56026^1"
"56026^HRSG2","56026^1"
"56031^CTG1","56031^1"
"56031^CTG2","56031^1"
"56031^HRSG1","56031^1"
"56031^HRSG2","56031^1"
"56038^NA","56038^1"
"56041^M1","56041^1"
"56041^M2","56041^1"
"56046^1","56046^1"
"56046^HRSG2","56046^1"
"56068^18","56068^1"
"56068^19","56068^2"
"56078^1","56078^1"
"56078^2","56078^1"
"56078^301","56078^1"
"56079^North","56079^1"
"56079^South","56079^1"
"56102^CT1A","56102^1"
"56102^CT1B","56102^1"
"56102^HRSG1A","56102^1"
"56102^HRSG1B","56102^1"
"56104^CTG2","56104^1"
"56104^HRSG2","56104^1"
"56119^100","56119^1"
"56119^200","56119^1"
"56119^HRSG1","56119^1"
"56119^HRSG2","56119^1"
"56150^10A","56150^1"
"56150^10B","56150^1"
"56150^C10A","56150^1"
"56150^C10B","56150^1"
"56150^11A","56150^2"
"56150^11B","56150^2"
"56150^C11A","56150^2"
"56150^C11B","56150^2"
"56164^EU01","56164^1"
"56164^HRSG1","56164^1"
"56177^26130","56177^1"
"56177^GT1","56177^1"
"56188^1","56188^1"
"56188^CTG","56188^1"
"56196^7A","56196^1"
"56196^7B","56196^1"
"56196^CT01","56196^1"
"56196^CT02","56196^1"
"56224^BLR100","56224^1"
"56227^1","56227^1"
"56227^HRSG01","56227^1"
"56234^CT01","56234^1"
"56234^HRSG01","56234^1"
"56237^CT01","56237^1"
"56237^CT02","56237^1"
"56237^HRSG01","56237^1"
"56237^HRSG02","56237^1"
"56237^CT21","56237^2"
"56237^CT22","56237^2"
"56237^HRSG21","56237^2"
"56237^HRSG22","56237^2"
"56259^CT11","56259^1"
"56259^CT12","56259^1"
"56259^HRSG11","56259^1"
"56259^HRSG12","56259^1"
"56298^1","56298^1"
"56298^2","56298^1"
"56298^HRSG1","56298^1"
"56298^HRSG2","56298^1"
"56309^CT-1","56309^1"
"56309^CT-2","56309^1"
"56309^HRSG1","56309^1"
"56309^HRSG2","56309^1"
"56319^1","56319^1"
"56349^CT1A","56349^1"
"56349^CT1B","56349^1"
"56349^HRSG1","56349^1"
"56349^HRSG2","56349^1"
"56349^CT2A","56349^2"
"56349^CT2B","56349^2"
"56349^HRSG3","56349^2"
"56349^HRSG4","56349^2"
"56350^CT1A","56350^1"
"56350^CT1B","56350^1"
"56350^HRSG1","56350^1"
"56350^HRSG2","56350^1"
"56350^CT2A","56350^2"
"56350^CT2B","56350^2"
"56350^HRSG3","56350^2"
"56350^HRSG4","56350^2"
"56356^CT1","56356^1"
"56356^NA","56356^1"
"56400^CT1","56400^1"
"56400^HRSG1","56400^1"
"56405^HI","56405^1"
"56407^1A","56407^1"
"56407^1B","56407^1"
"56407^1C","56407^1"
"56407^PWC11","56407^1"
"56407^PWC12","56407^1"
"56407^PWC13","56407^1"
"56407^2A","56407^2"
"56407^2B","56407^2"
"56407^2C","56407^2"
"56407^PWC21","56407^2"
"56407^PWC22","56407^2"
"56407^PWC23","56407^2"
"56407^3A","56407^3"
"56407^3B","56407^3"
"56407^3C","56407^3"
"56407^PWC31","56407^3"
"56407^PWC32","56407^3"
"56407^PWC33","56407^3"
"56456^BLR1","56456^1"
"56458^GT1","56458^1"
"56458^GT2","56458^1"
"56458^HRSG1","56458^1"
"56458^HRSG2","56458^1"
"56467^CTG1","56467^1"
"56467^CTG2","56467^1"
"56467^HRSG1","56467^1"
"56467^HRSG2","56467^1"
"56476^A","56476^1"
"56476^B","56476^1"
"56476^HRSGA","56476^1"
"56476^HRSGB","56476^1"
"56532^A","56532^1"
"56532^B","56532^1"
"56532^HRSGA","56532^1"
"56532^HRSGB","56532^1"
"56564^1","56564^1"
"56565^6A","56565^1"
"56565^6B","56565^1"
"56565^HRSG1","56565^1"
"56565^HRSG2","56565^1"
"56596^1","56596^1"
"56609^1","56609^1"
"56610^2","56610^1"
"56610^U1HRSG","56610^1"
"56611^S01","56611^1"
"56616^4PB","56616^1"
"56643^7","56643^1"
"56671^UHA01","56671^1"
"56706^SD200","56706^1"
"56707^SD200","56707^1"
"56786^1","56786^1"
"56798^HRSG1","56798^1"
"56798^HRSG2","56798^1"
"56798^U1","56798^1"
"56798^U2","56798^1"
"56806^41","56806^1"
"56806^42","56806^1"
"56806^CBYB41","56806^1"
"56806^CBYB42","56806^1"
"56807^1A","56807^1"
"56807^1B","56807^1"
"56808^1","56808^1"
"56808^2","56808^1"
"56847^Boil","56847^1"
"56848^HRSG10","56848^1"
"56848^HRSG6","56848^1"
"56848^HRSG7","56848^1"
"56848^HRSG8","56848^1"
"56848^HRSG9","56848^1"
"56931^BoilA","56931^1"
"56963^E101","56963^1"
"56963^E102","56963^1"
"56963^H101","56963^1"
"56963^H102","56963^1"
"56998^4","56998^1"
"56998^5","56998^1"
"56998^41","56998^1"
"56998^42","56998^1"
"56998^6","56998^2"
"56998^7","56998^2"
"56998^51","56998^2"
"56998^52","56998^2"
"57028^1","57028^1"
"57028^GTG","57028^1"
"57036^1","57036^1"
"57036^2","57036^1"
"57036^3","57036^1"
"57036^OTSG1","57036^1"
"57036^OTSG2","57036^1"
"57036^OTSG3","57036^1"
"57037^1A","57037^1"
"57037^1B","57037^1"
"57037^A","57037^1"
"57037^B","57037^1"
"57073^BLR1","57073^1"
"57074^BLR1","57074^1"
"57075^BLR1","57075^1"
"57119^1111","57119^1"
"57138^HRSG1","57138^1"
"57138^HRSG2","57138^1"
"57241^BLR1","57241^1"
"57349^CTG1","57349^1"
"57349^HRSG1","57349^1"
"57564^CTG","57564^2"
"57564^HRSG1","57564^2"
"57664^CT3","57664^1"
"57664^CT4","57664^1"
"57664^HRSG3","57664^1"
"57664^HRSG4","57664^1"
"57684^1","57684^1"
"57703^01A","57703^1"
"57703^01B","57703^1"
"57703^HRSG","57703^1"
"57822^HRSG1","57822^1"
"57822^HRSG2","57822^1"
"57822^HRSG3","57822^1"
"57822^HRSG4","57822^1"
"57822^HRSG5","57822^1"
"57839^CT001","57839^1"
"57839^CT002","57839^1"
"57839^HRSG1A","57839^1"
"57839^HRSG1B","57839^1"
"57842^1A","57842^1"
"57842^1HRSG","57842^1"
"57842^NA","57842^1"
"57898^BLR3","57898^1"
"57898^BLR4","57898^1"
"57898^BLR5","57898^1"
"57901^5","57901^1"
"57901^10","57901^1"
"57901^7","57901^2"
"57901^20","57901^2"
"57909^BLR1","57909^1"
"57978^CT1","57978^1"
"57978^ST1HRG","57978^1"
"58001^CTG-1","58001^1"
"58001^CTG-2","58001^1"
"58001^HRSG1","58001^1"
"58001^HRSG2","58001^1"
"58001^CTG-3","58001^2"
"58001^CTG-4","58001^2"
"58001^HRSG3","58001^2"
"58001^HRSG4","58001^2"
"58005^CTG-1","58005^1"
"58005^CTG-2","58005^1"
"58005^HRSG1","58005^1"
"58005^HRSG2","58005^1"
"58007^G1","58007^1"
"58007^G2","58007^1"
"58007^G3","58007^1"
"58007^G4","58007^1"
"58007^HRSG1","58007^1"
"58007^HRSG2","58007^1"
"58007^HRSG3","58007^1"
"58007^HRSG4","58007^1"
"58054^ST01","58054^1"
"58079^GT-1","58079^1"
"58079^GT-2","58079^1"
"58079^HRSG-1","58079^1"
"58079^HRSG-2","58079^1"
"58124^1","58124^1"
"58205^1","58205^1"
"58215^1A","58215^1"
"58215^1B","58215^1"
"58215^1C","58215^1"
"58215^ST1","58215^1"
"58263^NA","58263^1"
"58427^CTG1","58427^1"
"58427^CTG2","58427^1"
"58427^HRSG1","58427^1"
"58427^HRSG2","58427^1"
"58472^1","58472^1"
"58518^NA","58518^1"
"58557^1","58557^1"
"58557^2","58557^1"
"58557^GT1","58557^1"
"58557^GT2","58557^1"
"58560^BLR1","58560^1"
"58565^NA","58565^1"
"58574^1","58574^1"
"58595^B1","58595^1"
"58697^01A","58697^1"
"58697^01B","58697^1"
"58697^CT1","58697^1"
"58697^CT2","58697^1"
"58706^B001","58706^1"
"58707^B001","58707^1"
"58944^2771","58944^1"
"59254^GENT1","59254^1"
"59254^GENT2","59254^1"
"59254^GENT3","59254^1"
"59254^GENT4","59254^1"
"59254^HRSG1","59254^1"
"59338^1 A","59338^1"
"59338^1 B","59338^1"
"59338^CTG1","59338^1"
"59338^CTG2","59338^1"
"59338^2 A","59338^2"
"59338^2 B","59338^2"
"59338^CTG3","59338^2"
"59338^CTG4","59338^2"
"59784^3 A","59784^1"
"59784^3 B","59784^1"
"59784^CTG5","59784^1"
"59784^CTG6","59784^1"
"59884^BLR-4","59884^1"
"59884^BLR-5","59884^1"
"59884^BLR-6","59884^1"
"59884^HRSG-1","59884^1"
"59884^HRSG-2","59884^1"
"60100^B-1","60100^1"
