NEAR_DIST,NEAR_RANK,Plant_ID,WeaSta,Plant_Id_1,MODEL_TYPE,LATITUDE,LONGITUDE,lat,lon,Tdb,Twb
42718.4868698,1,3,MOBILE REGIONAL AP,3,RECIRCULATING TOWER,31.00696,-88.01090,30.69,-88.25,80.10,88.40
97650.3116415,2,3,PENSACOLA REGIONAL AP,3,RECIRCULATING TOWER,31.00696,-88.01090,30.47,-87.19,81.00,88.40
98991.1963531,3,3,PENSACOLA FOREST SHERMAN NAS,3,RECIRCULATING TOWER,31.00696,-88.01090,30.35,-87.32,81.80,88.40
45014.3954401,1,26,BIRMINGHAM MUNICIPAL AP,26,RECIRCULATING TOWER,33.24406,-86.45746,33.56,-86.75,78.50,88.40
90959.1444385,2,26,GADSEN MUNI (AWOS),26,RECIRCULATING TOWER,33.24406,-86.45746,33.97,-86.08,78.00,88.80
100828.9186230,3,26,MAXWELL AFB/MONTGOM,26,RECIRCULATING TOWER,33.24406,-86.45746,32.38,-86.37,80.50,90.80
29510.2639703,1,46,HUNTSVILLE INTL/JONES FIELD,46,COMPLEX,34.70404,-87.11817,34.64,-86.79,78.30,88.10
43083.6313330,2,46,MUSCLE SHOALS REGIONAL AP,46,COMPLEX,34.70404,-87.11817,34.75,-87.61,78.70,89.10
124827.6001370,3,46,GADSEN MUNI (AWOS),46,COMPLEX,34.70404,-87.11817,33.97,-86.08,78.00,88.80
97501.1118306,1,56,MOBILE REGIONAL AP,56,RECIRCULATING TOWER,31.48839,-87.91026,30.69,-88.25,80.10,88.40
123687.0370710,2,56,MERIDIAN KEY FIELD,56,RECIRCULATING TOWER,31.48839,-87.91026,32.33,-88.75,79.60,89.60
129075.8240800,3,56,HATTIESBURG LAUREL,56,RECIRCULATING TOWER,31.48839,-87.91026,31.47,-89.33,78.40,90.00
56946.4925840,1,96,ANCHORAGE INTL AP,96,COMPLEX,61.18523,-151.03642,61.18,-149.99,60.30,68.90
58578.9196134,2,96,LAKE HOOD SEAPLANE,96,COMPLEX,61.18523,-151.03642,61.18,-149.96,61.20,72.00
64104.9139727,3,96,ANCHORAGE MERRILL FIELD,96,COMPLEX,61.18523,-151.03642,61.22,-149.86,61.20,70.30
120573.5862580,1,113,FLAGSTAFF AIRPORT,113,RECIRCULATING TOWER,34.94082,-110.30030,35.13,-111.67,61.10,73.30
187165.0791920,2,113,PRESCOTT LOVE FIELD,113,RECIRCULATING TOWER,34.94082,-110.30030,34.65,-112.42,67.10,81.30
229341.5055320,3,113,PHOENIX SKY HARBOR INTL AP,113,RECIRCULATING TOWER,34.94082,-110.30030,33.44,-111.99,76.10,96.40
51049.1190464,1,201,FORT SMITH REGIONAL AP,201,COMPLEX,35.46222,-93.80494,35.33,-94.37,79.60,92.40
71393.7259473,2,201,FAYETTEVILLE DRAKE FIELD,201,COMPLEX,35.46222,-93.80494,36.01,-94.17,78.00,89.80
102034.2795410,3,201,SILOAM SPRING(AWOS),201,COMPLEX,35.46222,-93.80494,36.18,-94.48,76.90,89.40
27279.2087759,1,271,TRAVIS AFB/FAIRFLD,271,RECIRCULATING TOWER,38.03956,-121.89416,38.27,-121.93,70.30,93.20
37691.9105603,2,271,NAPA CO. AIRPORT,271,RECIRCULATING TOWER,38.03956,-121.89416,38.21,-122.28,68.80,86.80
41575.4995842,3,271,LIVERMORE MUNICIPAL,271,RECIRCULATING TOWER,38.03956,-121.89416,37.69,-121.82,70.80,95.00
42351.3538240,1,384,AURORA MUNICIPAL,384,COMPLEX,41.49469,-88.12372,41.77,-88.47,77.70,87.20
45539.9987534,2,384,CHICAGO MIDWAY AP,384,COMPLEX,41.49469,-88.12372,41.79,-87.75,78.00,88.30
51204.4407245,3,384,W. CHICAGO/DU PAGE,384,COMPLEX,41.49469,-88.12372,41.92,-88.25,78.30,87.30
11483.9164427,1,470,PUEBLO MEMORIAL AP,470,RECIRCULATING TOWER,38.20814,-104.57570,38.29,-104.50,67.30,85.00
71718.4540582,2,470,COLORADO SPRINGS MUNI AP,470,RECIRCULATING TOWER,38.20814,-104.57570,38.81,-104.71,63.30,78.30
161988.0261780,3,470,DENVER/CENTENNIAL,470,RECIRCULATING TOWER,38.20814,-104.57570,39.57,-104.85,65.10,81.10
22552.6195995,1,562,HARTFORD BRAINARD FD,562,RECIRCULATING TOWER,41.55493,-72.57927,41.74,-72.65,77.20,85.70
37495.1445925,2,562,WILLIMANTIC (ASOS),562,RECIRCULATING TOWER,41.55493,-72.57927,41.73,-72.18,76.20,85.20
44123.3982769,3,562,OXFORD (AWOS),562,RECIRCULATING TOWER,41.55493,-72.57927,41.48,-73.13,75.30,83.20
66976.1100372,1,594,DOVER AFB,594,RECIRCULATING TOWER,38.58535,-75.23501,39.13,-75.47,78.60,87.00
93306.9143206,2,594,MILLVILLE MUNICIPAL AP,594,RECIRCULATING TOWER,38.58535,-75.23501,39.37,-75.08,78.00,87.10
120908.2625760,3,594,ATLANTIC CITY INTL AP,594,RECIRCULATING TOWER,38.58535,-75.23501,39.46,-74.46,77.90,87.50
50638.9188690,1,628,OCALA MUNI (AWOS),628,RECIRCULATING TOWER,28.96581,-82.69809,29.17,-82.22,78.70,87.60
92479.3204600,2,628,GAINESVILLE REGIONAL AP,628,RECIRCULATING TOWER,28.96581,-82.69809,29.69,-82.27,79.70,88.40
116399.8460090,3,628,TAMPA INTERNATIONAL AP,628,RECIRCULATING TOWER,28.96581,-82.69809,27.96,-82.54,80.50,87.90
11508.9148738,1,641,PENSACOLA REGIONAL AP,641,RECIRCULATING TOWER,30.56569,-87.22464,30.47,-87.19,81.00,88.40
26424.7137507,2,641,PENSACOLA FOREST SHERMAN NAS,641,RECIRCULATING TOWER,30.56569,-87.22464,30.35,-87.32,81.80,88.40
95363.2566180,3,641,MOBILE REGIONAL AP,641,RECIRCULATING TOWER,30.56569,-87.22464,30.69,-88.25,80.10,88.40
11508.9148738,1,641,PENSACOLA REGIONAL AP,641,COMPLEX,30.56569,-87.22464,30.47,-87.19,81.00,88.40
26424.7137507,2,641,PENSACOLA FOREST SHERMAN NAS,641,COMPLEX,30.56569,-87.22464,30.35,-87.32,81.80,88.40
95363.2566180,3,641,MOBILE REGIONAL AP,641,COMPLEX,30.56569,-87.22464,30.69,-88.25,80.10,88.40
8144.6089079,1,643,PANAMA CITY BAY CO,643,RECIRCULATING TOWER,30.26869,-85.70006,30.20,-85.68,81.50,86.90
25482.8153126,2,643,TYNDALL AFB,643,RECIRCULATING TOWER,30.26869,-85.70006,30.07,-85.58,82.20,87.50
116976.1788250,3,643,CAIRNS AAF/OZARK,643,RECIRCULATING TOWER,30.26869,-85.70006,31.28,-85.72,80.30,89.60
60227.7459079,1,676,TAMPA INTERNATIONAL AP,676,RECIRCULATING TOWER,28.07990,-81.92345,27.96,-82.54,80.50,87.90
62588.8446591,2,676,MACDILL AFB/TAMPA,676,RECIRCULATING TOWER,28.07990,-81.92345,27.85,-82.52,80.90,87.20
69129.3529274,3,676,ORLANDO INTL ARPT,676,RECIRCULATING TOWER,28.07990,-81.92345,28.43,-81.33,79.60,87.60
29702.0199166,1,689,TALLAHASSEE REGIONAL AP,689,RECIRCULATING TOWER,30.16274,-84.19939,30.39,-84.35,79.70,89.30
110732.8050980,2,689,VALDOSTA WB AIRPORT,689,RECIRCULATING TOWER,30.16274,-84.19939,30.78,-83.28,80.40,89.80
128244.2677670,3,689,TYNDALL AFB,689,RECIRCULATING TOWER,30.16274,-84.19939,30.07,-85.58,82.20,87.50
5085.7098899,1,693,VERO BEACH MUNICIPAL ARPT,693,RECIRCULATING TOWER,27.63325,-80.37750,27.66,-80.42,80.30,88.00
59427.8413460,2,693,MELBOURNE REGIONAL AP,693,RECIRCULATING TOWER,27.63325,-80.37750,28.10,-80.65,81.60,88.40
110996.7642250,3,693,WEST PALM BEACH INTL ARPT,693,RECIRCULATING TOWER,27.63325,-80.37750,26.69,-80.10,80.10,87.70
70181.8798303,1,861,SCOTT AFB/BELLEVILL,861,RECIRCULATING TOWER,39.05862,-89.40347,38.55,-89.85,80.20,90.40
83943.3106595,2,861,CAHOKIA/ST. LOUIS,861,RECIRCULATING TOWER,39.05862,-89.40347,38.57,-90.15,80.40,90.30
86969.5754551,3,861,ST LOUIS LAMBERT INT'L ARPT,861,RECIRCULATING TOWER,39.05862,-89.40347,38.75,-90.37,79.40,90.80
47624.1319676,1,869,AURORA MUNICIPAL,869,COMPLEX,41.38981,-88.26783,41.77,-88.47,77.70,87.20
62311.3043639,2,869,CHICAGO MIDWAY AP,869,COMPLEX,41.38981,-88.26783,41.79,-87.75,78.00,88.30
62644.8329578,3,869,W. CHICAGO/DU PAGE,869,COMPLEX,41.38981,-88.26783,41.92,-88.25,78.30,87.30
55954.7726501,1,891,PEORIA GREATER PEORIA AP,891,RECIRCULATING TOWER,40.28044,-90.07974,40.67,-89.68,79.30,89.00
60073.0802874,2,891,SPRINGFIELD CAPITAL AP,891,RECIRCULATING TOWER,40.28044,-90.07974,39.85,-89.68,79.40,89.70
97723.8011799,3,891,QUINCY MUNI BALDWIN FLD,891,RECIRCULATING TOWER,40.28044,-90.07974,39.94,-91.19,78.60,89.10
12912.4074506,1,963,SPRINGFIELD CAPITAL AP,963,RECIRCULATING TOWER,39.75456,-89.60152,39.85,-89.68,79.40,89.70
59655.2500992,2,963,DECATUR,963,RECIRCULATING TOWER,39.75456,-89.60152,39.83,-88.87,79.30,89.60
108192.2866850,3,963,PEORIA GREATER PEORIA AP,963,RECIRCULATING TOWER,39.75456,-89.60152,40.67,-89.68,79.30,89.00
5863.2314204,1,990,INDIANAPOLIS INTL AP,990,RECIRCULATING TOWER,39.71114,-86.19740,39.71,-86.27,78.20,87.60
76601.2671720,2,990,MONROE CO,990,RECIRCULATING TOWER,39.71114,-86.19740,39.13,-86.62,78.90,86.70
95896.3574699,3,990,TERRE HAUTE/HULMAN,990,RECIRCULATING TOWER,39.71114,-86.19740,39.45,-87.32,79.60,88.90
5863.2314204,1,990,INDIANAPOLIS INTL AP,990,COMPLEX,39.71114,-86.19740,39.71,-86.27,78.20,87.60
76601.2671720,2,990,MONROE CO,990,COMPLEX,39.71114,-86.19740,39.13,-86.62,78.90,86.70
95896.3574699,3,990,TERRE HAUTE/HULMAN,990,COMPLEX,39.71114,-86.19740,39.45,-87.32,79.60,88.90
29100.3801773,1,991,INDIANAPOLIS INTL AP,991,COMPLEX,39.48520,-86.41851,39.71,-86.27,78.20,87.60
44952.6089593,2,991,MONROE CO,991,COMPLEX,39.48520,-86.41851,39.13,-86.62,78.90,86.70
73175.7906454,3,991,TERRE HAUTE/HULMAN,991,COMPLEX,39.48520,-86.41851,39.45,-87.32,79.60,88.90
9963.9682104,1,992,INDIANAPOLIS INTL AP,992,RECIRCULATING TOWER,39.76205,-86.17275,39.71,-86.27,78.20,87.60
82863.5801664,2,992,MONROE CO,992,RECIRCULATING TOWER,39.76205,-86.17275,39.13,-86.62,78.90,86.70
98163.6929631,3,992,LAFAYETTE PURDUE UNIV AP,992,RECIRCULATING TOWER,39.76205,-86.17275,40.41,-86.94,78.80,88.70
62141.8603141,1,994,EVANSVILLE REGIONAL AP,994,RECIRCULATING TOWER,38.52802,-87.25264,38.04,-87.54,79.40,89.80
87797.5327118,2,994,MONROE CO,994,RECIRCULATING TOWER,38.52802,-87.25264,39.13,-86.62,78.90,86.70
90497.9141991,3,994,HENDERSON CITY,994,RECIRCULATING TOWER,38.52802,-87.25264,37.82,-87.68,79.40,90.00
45422.0711186,1,997,SOUTH BEND MICHIANA RGNL AP,997,RECIRCULATING TOWER,41.72146,-86.91027,41.71,-86.33,77.40,86.80
66158.1099402,2,997,CHICAGO MIDWAY AP,997,RECIRCULATING TOWER,41.72146,-86.91027,41.79,-87.75,78.00,88.30
82649.6567764,3,997,GLENVIEW NAS,997,RECIRCULATING TOWER,41.72146,-86.91027,42.08,-87.82,77.70,89.90
60868.2708295,1,1043,EVANSVILLE REGIONAL AP,1043,COMPLEX,38.52024,-87.26634,38.04,-87.54,79.40,89.80
89201.0557913,2,1043,MONROE CO,1043,COMPLEX,38.52024,-87.26634,39.13,-86.62,78.90,86.70
89216.0085698,3,1043,HENDERSON CITY,1043,COMPLEX,38.52024,-87.26634,37.82,-87.68,79.40,90.00
9515.6996983,1,1082,OFFUTT AFB/BELLEVUE,1082,RECIRCULATING TOWER,41.17997,-95.83949,41.12,-95.92,79.50,89.80
16079.5238972,2,1082,OMAHA EPPLEY AIRFIELD,1082,RECIRCULATING TOWER,41.17997,-95.83949,41.31,-95.90,79.00,89.70
26569.1959652,3,1082,OMAHA WSFO,1082,RECIRCULATING TOWER,41.17997,-95.83949,41.37,-96.02,77.40,88.70
4086.0768028,1,1131,WATERLOO MUNICIPAL AP,1131,COMPLEX,42.52711,-92.43966,42.55,-92.40,78.50,87.80
95159.7767232,2,1131,CEDAR RAPIDS MUNICIPAL AP,1131,COMPLEX,42.52711,-92.43966,41.88,-91.71,78.60,87.40
110725.4540180,3,1131,AMES MUNI ARPT,1131,COMPLEX,42.52711,-92.43966,42.00,-93.62,79.20,87.40
13143.0515368,1,1363,LOUISVILLE STANDIFORD FIELD,1363,RECIRCULATING TOWER,38.18333,-85.88897,38.18,-85.73,78.70,89.10
19696.1819955,2,1363,LOUISVILLE BOWMAN FIELD,1363,RECIRCULATING TOWER,38.18333,-85.88897,38.23,-85.66,78.40,88.60
107139.5859260,3,1363,LEXINGTON BLUEGRASS AP,1363,RECIRCULATING TOWER,38.18333,-85.88897,38.04,-84.61,77.30,87.30
21171.1598289,1,1364,LOUISVILLE STANDIFORD FIELD,1364,RECIRCULATING TOWER,38.05265,-85.91079,38.18,-85.73,78.70,89.10
29421.1273725,2,1364,LOUISVILLE BOWMAN FIELD,1364,RECIRCULATING TOWER,38.05265,-85.91079,38.23,-85.66,78.40,88.60
107724.6627900,3,1364,LEXINGTON BLUEGRASS AP,1364,RECIRCULATING TOWER,38.05265,-85.91079,38.04,-84.61,77.30,87.30
55856.6765625,1,1378,BOWLING GREEN WARREN CO AP,1378,COMPLEX,37.25805,-86.97968,36.98,-86.44,78.40,88.60
81772.5096815,2,1378,FORT CAMPBELL (AAF),1378,COMPLEX,37.25805,-86.97968,36.67,-87.50,79.80,89.30
88197.0558743,3,1378,HENDERSON CITY,1378,COMPLEX,37.25805,-86.97968,37.82,-87.68,79.40,90.00
117765.5363530,1,1384,SOMERSET(AWOS),1384,COMPLEX,36.99821,-84.59199,38.00,-84.60,78.10,91.00
122479.0192450,2,1384,LEXINGTON BLUEGRASS AP,1384,COMPLEX,36.99821,-84.59199,38.04,-84.61,77.30,87.30
147360.3295380,3,1384,KNOXVILLE MCGHEE TYSON AP,1384,COMPLEX,36.99821,-84.59199,35.82,-83.99,77.10,87.70
60921.3846111,1,1400,LAFAYETTE REGIONAL AP,1400,COMPLEX,29.82290,-91.54298,30.21,-91.99,80.70,89.00
90407.6129092,2,1400,BATON ROUGE RYAN ARPT,1400,COMPLEX,29.82290,-91.54298,30.54,-91.15,80.30,89.00
121553.2758530,3,1400,NEW ORLEANS INTL ARPT,1400,COMPLEX,29.82290,-91.54298,29.99,-90.25,80.70,88.70
3206.6787066,1,1416,SHREVEPORT DOWNTOWN,1416,COMPLEX,32.51824,-93.76199,32.54,-93.74,79.50,91.50
8514.4451771,2,1416,BARKSDALE AFB,1416,COMPLEX,32.51824,-93.76199,32.50,-93.67,79.80,90.20
9485.6690391,3,1416,SHREVEPORT REGIONAL ARPT,1416,COMPLEX,32.51824,-93.76199,32.45,-93.82,79.40,91.10
35783.8933421,1,1571,ANDREWS AFB,1571,RECIRCULATING TOWER,38.54391,-76.68782,38.82,-76.87,78.20,88.60
45409.4957644,2,1571,FORT BELVOIR/DAVISO,1571,RECIRCULATING TOWER,38.54391,-76.68782,38.72,-77.18,79.40,90.90
47560.1443678,3,1571,WASHINGTON DC REAGAN AP,1571,RECIRCULATING TOWER,38.54391,-76.68782,38.87,-77.03,78.60,89.10
18607.2335856,1,1619,PROVIDENCE T F GREEN STATE AR,1619,RECIRCULATING TOWER,41.71141,-71.19254,41.72,-71.43,76.50,85.20
19604.6659595,2,1619,NEW BEDFORD RGNL,1619,RECIRCULATING TOWER,41.71141,-71.19254,41.67,-70.95,75.70,83.50
34411.0235177,3,1619,PAWTUCKET (AWOS),1619,RECIRCULATING TOWER,41.71141,-71.19254,41.92,-71.50,75.20,84.10
26100.1538095,1,1682,NEW BEDFORD RGNL,1682,RECIRCULATING TOWER,41.86527,-71.10618,41.67,-70.95,75.70,83.50
30054.2256483,2,1682,PLYMOUTH MUNICIPAL,1682,RECIRCULATING TOWER,41.86527,-71.10618,41.92,-70.73,76.00,84.20
30575.9985885,3,1682,PROVIDENCE T F GREEN STATE AR,1682,RECIRCULATING TOWER,41.86527,-71.10618,41.72,-71.43,76.50,85.20
22615.2572086,1,1702,SAGINAW TRI CITY INTL AP,1702,RECIRCULATING TOWER,43.64439,-83.84119,43.53,-84.08,76.40,85.80
80015.4288516,2,1702,FLINT BISHOP INTL ARPT,1702,RECIRCULATING TOWER,43.64439,-83.84119,42.97,-83.75,76.50,85.40
116715.2670710,3,1702,LANSING CAPITAL CITY ARPT,1702,RECIRCULATING TOWER,43.64439,-83.84119,42.78,-84.58,76.40,85.40
7458.3211836,1,1831,LANSING CAPITAL CITY ARPT,1831,COMPLEX,42.71850,-84.55827,42.78,-84.58,76.40,85.40
54712.9657224,2,1831,JACKSON REYNOLDS FIELD,1831,COMPLEX,42.71850,-84.55827,42.26,-84.46,76.60,84.90
68851.0149552,3,1831,FLINT BISHOP INTL ARPT,1831,COMPLEX,42.71850,-84.55827,42.97,-83.75,76.50,85.40
115907.9730080,1,1893,DULUTH INTERNATIONAL ARPT,1893,RECIRCULATING TOWER,47.26074,-93.65298,46.84,-92.19,72.70,81.40
126689.3730220,2,1893,DULUTH HARBOR (CGS),1893,RECIRCULATING TOWER,47.26074,-93.65298,46.77,-92.08,76.60,83.40
204006.4588830,3,1893,ST CLOUD REGIONAL ARPT,1893,RECIRCULATING TOWER,47.26074,-93.65298,45.55,-94.05,76.50,86.40
23348.3883022,1,1915,ST PAUL DOWNTOWN AP,1915,COMPLEX,45.03039,-92.77888,44.93,-93.05,77.30,86.60
34831.1464224,2,1915,SOUTH ST PAUL MUNI,1915,COMPLEX,45.03039,-92.77888,44.85,-93.15,77.40,85.90
35586.0293309,3,1915,MINNEAPOLIS/BLAINE,1915,COMPLEX,45.03039,-92.77888,45.15,-93.22,78.20,86.30
47008.0117476,1,1925,SOUTH ST PAUL MUNI,1925,COMPLEX,44.62164,-92.63322,44.85,-93.15,77.40,85.90
47857.3794702,2,1925,ST PAUL DOWNTOWN AP,1925,COMPLEX,44.62164,-92.63322,44.93,-93.05,77.30,86.60
53915.1438604,3,1925,MINNEAPOLIS-ST PAUL INT'L ARP,1925,COMPLEX,44.62164,-92.63322,44.88,-93.23,76.90,87.50
93594.6720645,1,1943,FARGO HECTOR INTERNATIONAL AP,1943,COMPLEX,46.29047,-96.04309,46.93,-96.81,75.40,85.40
169756.1427630,2,1943,ST CLOUD REGIONAL ARPT,1943,COMPLEX,46.29047,-96.04309,45.55,-94.05,76.50,86.40
211987.5519200,3,1943,GRAND FORKS INTERNATIONAL AP,1943,COMPLEX,46.29047,-96.04309,47.95,-97.18,75.00,84.70
10065.4014438,1,2049,KEESLER AFB/BILOXI,2049,RECIRCULATING TOWER,30.43963,-89.02638,30.42,-88.92,83.50,90.30
77080.1985776,2,2049,MOBILE REGIONAL AP,2049,RECIRCULATING TOWER,30.43963,-89.02638,30.69,-88.25,80.10,88.40
103592.9956430,3,2049,NEW ORLEANS LAKEFRONT AP,2049,RECIRCULATING TOWER,30.43963,-89.02638,30.04,-90.03,81.40,89.50
25944.5402013,1,2076,JOPLIN MUNICIPAL AP,2076,COMPLEX,37.36142,-94.58927,37.15,-94.50,78.50,90.40
101425.7143350,2,2076,SPRINGFIELD REGIONAL ARPT,2076,COMPLEX,37.36142,-94.58927,37.24,-93.39,77.60,88.90
122771.1793390,3,2076,BENTONVILLE (AWOS),2076,COMPLEX,37.36142,-94.58927,36.35,-94.22,77.60,89.00
18928.8612025,1,2161,SPRINGFIELD REGIONAL ARPT,2161,COMPLEX,37.10844,-93.25975,37.24,-93.39,77.60,88.90
104226.3996420,2,2161,JOPLIN MUNICIPAL AP,2161,COMPLEX,37.10844,-93.25975,37.15,-94.50,78.50,90.40
112015.2617430,3,2161,ROGERS (AWOS),2161,COMPLEX,37.10844,-93.25975,36.37,-94.10,76.30,87.50
24471.2128745,1,2378,ATLANTIC CITY INTL AP,2378,RECIRCULATING TOWER,39.29053,-74.63416,39.46,-74.46,77.90,87.50
37399.7895690,2,2378,MILLVILLE MUNICIPAL AP,2378,RECIRCULATING TOWER,39.29053,-74.63416,39.37,-75.08,78.00,87.10
70587.6456998,3,2378,DOVER AFB,2378,RECIRCULATING TOWER,39.29053,-74.63416,39.13,-75.47,78.60,87.00
53993.8408761,1,2589,SYRACUSE HANCOCK INT'L ARPT,2589,COMPLEX,43.52159,-76.40716,43.11,-76.10,75.40,84.80
84104.7820277,2,2589,GRIFFISS AFB,2589,COMPLEX,43.52159,-76.40716,43.23,-75.40,74.80,84.40
89771.4560993,3,2589,UTICA ONEIDA COUNTY AP,2589,COMPLEX,43.52159,-76.40716,43.15,-75.38,74.90,83.20
6889.9859341,1,2682,JAMESTOWN (AWOS),2682,COMPLEX,42.09355,-79.24778,42.15,-79.27,72.40,80.00
72525.8321241,2,2682,ERIE INTERNATIONAL AP,2682,COMPLEX,42.09355,-79.24778,42.08,-80.18,75.30,82.60
107444.6751220,3,2682,BUFFALO NIAGARA INTL AP,2682,COMPLEX,42.09355,-79.24778,42.94,-78.74,74.80,82.10
24790.4073917,1,2712,DANVILLE FAA AP,2712,RECIRCULATING TOWER,36.48364,-79.07286,36.57,-79.34,77.80,88.70
75881.8041994,2,2712,RALEIGH DURHAM INTERNATIONAL,2712,RECIRCULATING TOWER,36.48364,-79.07286,35.87,-78.79,78.30,89.30
86343.6441012,3,2712,GREENSBORO PIEDMONT TRIAD INT,2712,RECIRCULATING TOWER,36.48364,-79.07286,36.10,-79.94,76.90,87.60
50627.4077051,1,2720,WINSTON-SALEM REYNOLDS AP,2720,RECIRCULATING TOWER,35.71340,-80.37654,36.13,-80.22,76.90,86.80
58692.6061213,2,2720,GREENSBORO PIEDMONT TRIAD INT,2720,RECIRCULATING TOWER,35.71340,-80.37654,36.10,-79.94,76.90,87.60
76309.2598142,3,2720,CHARLOTTE DOUGLAS INTL ARPT,2720,RECIRCULATING TOWER,35.71340,-80.37654,35.21,-80.94,77.10,88.40
54685.7735277,1,2721,GREER GREENV'L-SPARTANBRG AP,2721,RECIRCULATING TOWER,35.21986,-81.75901,34.90,-82.22,77.00,88.20
68676.9962019,2,2721,HICKORY REGIONAL AP,2721,RECIRCULATING TOWER,35.21986,-81.75901,35.74,-81.39,76.20,86.10
70700.3074209,3,2721,CHARLOTTE DOUGLAS INTL ARPT,2721,RECIRCULATING TOWER,35.21986,-81.75901,35.21,-80.94,77.10,88.40
33715.6117342,1,2723,DANVILLE FAA AP,2723,RECIRCULATING TOWER,36.48625,-79.72082,36.57,-79.34,77.80,88.70
48984.6626312,2,2723,GREENSBORO PIEDMONT TRIAD INT,2723,RECIRCULATING TOWER,36.48625,-79.72082,36.10,-79.94,76.90,87.60
59539.1006124,3,2723,WINSTON-SALEM REYNOLDS AP,2723,RECIRCULATING TOWER,36.48625,-79.72082,36.13,-80.22,76.90,86.80
32870.7460332,1,2828,WASHINGTON (AWOS),2828,RECIRCULATING TOWER,40.25203,-80.64872,40.13,-80.28,73.50,83.00
44450.7519960,2,2828,PITTSBURGH INTERNATIONAL AP,2828,RECIRCULATING TOWER,40.25203,-80.64872,40.50,-80.23,75.20,84.80
59672.3288948,3,2828,PITTSBURGH ALLEGHENY CO AP,2828,RECIRCULATING TOWER,40.25203,-80.64872,40.36,-79.92,75.20,84.90
13787.7757164,1,2832,CINCINNATI NORTHERN KY AP,2832,RECIRCULATING TOWER,39.11223,-84.80305,39.04,-84.67,77.30,87.10
31248.4201211,2,2832,CINCINNATI MUNICIPAL AP LUNKI,2832,RECIRCULATING TOWER,39.11223,-84.80305,39.10,-84.42,77.90,88.00
104326.9988470,3,2832,WRIGHT-PATERSON AFB,2832,RECIRCULATING TOWER,39.11223,-84.80305,39.83,-84.05,77.50,87.10
80344.4197950,1,2840,LANCASTER\FAIRFIEL,2840,RECIRCULATING TOWER,40.18447,-81.88057,39.75,-82.65,76.80,86.60
83440.6090360,2,2840,COLUMBUS PORT COLUMBUS INTL A,2840,RECIRCULATING TOWER,40.18447,-81.88057,39.99,-82.88,76.70,86.80
90699.8063981,3,2840,MANSFIELD LAHM MUNICIPAL ARPT,2840,RECIRCULATING TOWER,40.18447,-81.88057,40.82,-82.52,75.80,84.60
80676.7967971,1,2850,CINCINNATI MUNICIPAL AP LUNKI,2850,RECIRCULATING TOWER,38.63682,-83.69337,39.10,-84.42,77.90,88.00
92958.5221490,2,2850,CINCINNATI NORTHERN KY AP,2850,RECIRCULATING TOWER,38.63682,-83.69337,39.04,-84.67,77.30,87.10
97983.1329196,3,2850,HUNTINGTON TRI-STATE ARPT,2850,RECIRCULATING TOWER,38.63682,-83.69337,38.38,-82.56,77.30,86.70
34452.3639720,1,2872,PARKERSBURG WOOD COUNTY AP,2872,RECIRCULATING TOWER,39.59107,-81.68032,39.35,-81.44,76.80,86.30
80549.8423318,2,2872,LANCASTER\FAIRFIEL,2872,RECIRCULATING TOWER,39.59107,-81.68032,39.75,-82.65,76.80,86.60
104454.3536380,3,2872,RICKENBACKER ANGB,2872,RECIRCULATING TOWER,39.59107,-81.68032,39.82,-82.93,79.80,86.70
20094.7268715,1,2951,TINKER AFB,2951,RECIRCULATING TOWER,35.50839,-97.17973,35.42,-97.38,78.20,90.80
38719.6942973,2,2951,OKLAHOMA CITY WILL ROGERS WOR,2951,RECIRCULATING TOWER,35.50839,-97.17973,35.39,-97.60,77.70,90.80
40492.7720214,3,2951,OKLAHOMA CITY/WILEY,2951,RECIRCULATING TOWER,35.50839,-97.17973,35.53,-97.65,77.40,91.10
66980.6881539,1,2952,TULSA/LLOYD JONES,2952,RECIRCULATING TOWER,35.76123,-95.28841,36.03,-95.98,79.60,94.30
72682.7819505,2,2952,TULSA INTERNATIONAL AIRPORT,2952,RECIRCULATING TOWER,35.76123,-95.28841,36.20,-95.89,79.20,92.30
84696.5917565,3,2952,SILOAM SPRING(AWOS),2952,RECIRCULATING TOWER,35.76123,-95.28841,36.18,-94.48,76.90,89.40
32445.1530470,1,3148,ALLENTOWN LEHIGH VALLEY INTL,3148,RECIRCULATING TOWER,40.79796,-75.10597,40.65,-75.45,76.70,86.30
65525.9748670,2,3148,TRENTON MERCER COUNTY AP,3148,RECIRCULATING TOWER,40.79796,-75.10597,40.28,-74.81,77.50,88.90
70658.4998928,3,3148,WILLOW GROVE NAS,3148,RECIRCULATING TOWER,40.79796,-75.10597,40.20,-75.15,77.70,88.60
55009.0329837,1,3166,WILMINGTON NEW CASTLE CNTY AP,3166,COMPLEX,39.75922,-76.26878,39.67,-75.60,78.00,87.30
64360.2886471,2,3166,MIDDLETOWN HARRISBURG INTL AP,3166,COMPLEX,39.75922,-76.26878,40.19,-76.76,78.00,87.70
71676.7634758,3,3166,HARRISBURG CAPITAL CITY ARPT,3166,COMPLEX,39.75922,-76.26878,40.22,-76.85,76.50,86.80
39489.7075041,1,3264,GREER GREENV'L-SPARTANBRG AP,3264,COMPLEX,34.60249,-82.43522,34.90,-82.22,77.00,88.20
97225.6547312,2,3264,ASHEVILLE REGIONAL ARPT,3264,COMPLEX,34.60249,-82.43522,35.43,-82.54,74.20,83.30
109231.2009530,3,3264,ATHENS BEN EPPS AP,3264,COMPLEX,34.60249,-82.43522,33.95,-83.33,78.10,89.50
21435.5194110,1,3297,SHAW AFB/SUMTER,3297,RECIRCULATING TOWER,33.82665,-80.62247,33.97,-80.47,78.50,89.00
45714.3376967,2,3297,COLUMBIA METRO ARPT,3297,RECIRCULATING TOWER,33.82665,-80.62247,33.94,-81.12,78.40,90.00
89096.4067125,3,3297,FLORENCE REGIONAL AP,3297,RECIRCULATING TOWER,33.82665,-80.62247,34.19,-79.73,79.50,90.40
16693.5754685,1,3298,CHARLESTON INTL ARPT,3298,COMPLEX,33.01579,-79.92942,32.90,-80.04,80.50,89.10
121052.8876680,2,3298,SHAW AFB/SUMTER,3298,COMPLEX,33.01579,-79.92942,33.97,-80.47,78.50,89.00
138020.7411350,3,3298,FLORENCE REGIONAL AP,3298,COMPLEX,33.01579,-79.92942,34.19,-79.73,79.50,90.40
49291.2793764,1,3405,BRISTOL TRI CITY AIRPORT,3405,RECIRCULATING TOWER,36.37632,-82.96320,36.48,-82.40,75.00,84.90
109140.8279020,2,3405,KNOXVILLE MCGHEE TYSON AP,3405,RECIRCULATING TOWER,36.37632,-82.96320,35.82,-83.99,77.10,87.70
116659.0680880,3,3405,ASHEVILLE REGIONAL ARPT,3405,RECIRCULATING TOWER,36.37632,-82.96320,35.43,-82.54,74.20,83.30
11227.1672252,1,3443,VICTORIA REGIONAL AP,3443,COMPLEX,28.78798,-97.01059,28.86,-96.93,80.20,87.90
111094.1800300,2,3443,PORT ARANSAS,3443,COMPLEX,28.78798,-97.01059,27.82,-97.05,80.40,84.10
125988.7016980,3,3443,CORPUS CHRISTI INTL ARPT,3443,COMPLEX,28.78798,-97.01059,27.77,-97.51,80.90,89.40
15828.6094712,1,3459,PORT ARTHUR JEFFERSON COUNTY,3459,RECIRCULATING TOWER,30.02366,-93.87598,29.95,-94.02,81.70,88.90
43868.4614768,2,3459,SABINE,3459,RECIRCULATING TOWER,30.02366,-93.87598,29.67,-94.05,81.10,85.30
61072.5332266,3,3459,LAKE CHARLES REGIONAL ARPT,3459,RECIRCULATING TOWER,30.02366,-93.87598,30.13,-93.23,81.40,88.60
38454.9442463,1,3470,HOUSTON WILLIAM P HOBBY AP,3470,RECIRCULATING TOWER,29.47873,-95.63401,29.65,-95.28,80.50,89.00
45476.1110200,2,3470,HOUSTON/ELLINGTON,3470,RECIRCULATING TOWER,29.47873,-95.63401,29.60,-95.17,82.00,88.60
64210.6510186,3,3470,HOUSTON BUSH INTERCONTINENTAL,3470,RECIRCULATING TOWER,29.47873,-95.63401,29.99,-95.36,80.10,89.00
55194.8939918,1,3478,LONGVIEW GREGG COUNTY AP,3478,COMPLEX,32.84800,-94.54802,32.39,-94.71,79.00,90.10
79905.5450184,2,3478,SHREVEPORT REGIONAL ARPT,3478,COMPLEX,32.84800,-94.54802,32.45,-93.82,79.40,91.10
80642.2188105,3,3478,SHREVEPORT DOWNTOWN,3478,COMPLEX,32.84800,-94.54802,32.54,-93.74,79.50,91.50
8933.7397665,1,3559,BROWNSVILLE S PADRE ISL INTL,3559,COMPLEX,25.91282,-97.52143,25.91,-97.43,80.70,87.90
38191.7102996,2,3559,HARLINGEN RIO GRANDE VALLEY I,3559,COMPLEX,25.91282,-97.52143,26.23,-97.65,81.30,91.00
76357.5562173,3,3559,MCALLEN MILLER INTL AP,3559,COMPLEX,25.91282,-97.52143,26.18,-98.24,80.40,90.90
4769.4540292,1,3804,QUANTICO MCAS,3804,RECIRCULATING TOWER,38.53783,-77.27926,38.50,-77.30,79.40,89.20
22947.6012266,2,3804,FORT BELVOIR/DAVISO,3804,RECIRCULATING TOWER,38.53783,-77.27926,38.72,-77.18,79.40,90.90
29166.7898644,3,3804,MANASSAS MUNI(AWOS),3804,RECIRCULATING TOWER,38.53783,-77.27926,38.72,-77.52,77.10,88.10
8622.5714176,1,4078,WAUSAU MUNICIPAL ARPT,4078,RECIRCULATING TOWER,44.85813,-89.65001,44.93,-89.63,74.50,83.40
9352.4712593,2,4078,MOSINEE/CENTRAL WI,4078,RECIRCULATING TOWER,44.85813,-89.65001,44.78,-89.67,74.40,83.50
110869.1016100,3,4078,APPLETON/OUTAGAMIE,4078,RECIRCULATING TOWER,44.85813,-89.65001,44.25,-88.52,77.60,85.60
53721.7164616,1,4158,CASPER NATRONA CO INTL AP,4158,RECIRCULATING TOWER,42.83815,-105.77705,42.90,-106.47,63.60,83.30
212089.4316400,2,4158,CHEYENNE MUNICIPAL ARPT,4158,RECIRCULATING TOWER,42.83815,-105.77705,41.16,-104.81,63.00,77.60
252121.9110980,3,4158,RAPID CITY REGIONAL ARPT,4158,RECIRCULATING TOWER,42.83815,-105.77705,44.05,-103.05,71.00,85.80
61152.6890390,1,6043,WEST PALM BEACH INTL ARPT,6043,RECIRCULATING TOWER,27.05530,-80.56374,26.69,-80.10,80.10,87.70
70484.1447633,2,6043,VERO BEACH MUNICIPAL ARPT,6043,RECIRCULATING TOWER,27.05530,-80.56374,27.66,-80.42,80.30,88.00
119225.9899100,3,6043,FORT LAUDERDALE HOLLYWOOD INT,6043,RECIRCULATING TOWER,27.05530,-80.56374,26.07,-80.15,81.20,88.00
29547.4236902,1,6055,BATON ROUGE RYAN ARPT,6055,RECIRCULATING TOWER,30.72726,-91.36874,30.54,-91.15,80.30,89.00
82755.5394572,2,6055,LAFAYETTE REGIONAL AP,6055,RECIRCULATING TOWER,30.72726,-91.36874,30.21,-91.99,80.70,89.00
115373.0793030,3,6055,ALEXANDRIA ESLER REGIONAL AP,6055,RECIRCULATING TOWER,30.72726,-91.36874,31.40,-92.30,80.40,89.30
29752.6514890,1,6061,HATTIESBURG LAUREL,6061,RECIRCULATING TOWER,31.21817,-89.39401,31.47,-89.33,78.40,90.00
102046.5743970,2,6061,KEESLER AFB/BILOXI,6061,RECIRCULATING TOWER,31.21817,-89.39401,30.42,-88.92,83.50,90.30
121257.1844390,3,6061,MOBILE REGIONAL AP,6061,RECIRCULATING TOWER,31.21817,-89.39401,30.69,-88.25,80.10,88.40
27341.4036517,1,6065,KANSAS CITY INT'L ARPT,6065,RECIRCULATING TOWER,39.44759,-94.97989,39.30,-94.72,79.50,90.30
49948.2147990,2,6065,KANSAS CITY DOWNTOWN AP,6065,RECIRCULATING TOWER,39.44759,-94.97989,39.12,-94.59,79.70,91.40
56250.2759567,3,6065,LAWRENCE MUNI ARPT,6065,RECIRCULATING TOWER,39.44759,-94.97989,39.00,-95.22,80.00,92.20
33526.2819740,1,6073,MOBILE REGIONAL AP,6073,RECIRCULATING TOWER,30.53284,-88.55640,30.69,-88.25,80.10,88.40
35945.6063546,2,6073,KEESLER AFB/BILOXI,6073,RECIRCULATING TOWER,30.53284,-88.55640,30.42,-88.92,83.50,90.30
115899.8756510,3,6073,PENSACOLA FOREST SHERMAN NAS,6073,RECIRCULATING TOWER,30.53284,-88.55640,30.35,-87.32,81.80,88.40
60073.7559899,1,6096,OFFUTT AFB/BELLEVUE,6096,RECIRCULATING TOWER,40.62074,-95.77364,41.12,-95.92,79.50,89.80
81992.0453230,2,6096,OMAHA EPPLEY AIRFIELD,6096,RECIRCULATING TOWER,40.62074,-95.77364,41.31,-95.90,79.00,89.70
82191.7980684,3,6096,LINCOLN MUNICIPAL ARPT,6096,RECIRCULATING TOWER,40.62074,-95.77364,40.83,-96.76,78.20,90.80
78187.9442611,1,6139,LONGVIEW GREGG COUNTY AP,6139,COMPLEX,33.05472,-94.84028,32.39,-94.71,79.00,90.10
86874.3655964,2,6139,TEXARKANA WEBB FIELD,6139,COMPLEX,33.05472,-94.84028,33.45,-94.01,79.70,91.20
115052.8261000,3,6139,SHREVEPORT DOWNTOWN,6139,COMPLEX,33.05472,-94.84028,32.54,-93.74,79.50,91.50
78600.3490248,1,6249,CHARLESTON INTL ARPT,6249,RECIRCULATING TOWER,33.33005,-79.35848,32.90,-80.04,80.50,89.10
105502.1098290,2,6249,FLORENCE REGIONAL AP,6249,RECIRCULATING TOWER,33.33005,-79.35848,34.19,-79.73,79.50,90.40
123237.2197560,3,6249,SHAW AFB/SUMTER,6249,RECIRCULATING TOWER,33.33005,-79.35848,33.97,-80.47,78.50,89.00
11497.6561562,1,7153,WILMINGTON NEW CASTLE CNTY AP,7153,RECIRCULATING TOWER,39.74371,-75.50679,39.67,-75.60,78.00,87.30
26828.7958450,2,7153,PHILADELPHIA INTERNATIONAL AP,7153,RECIRCULATING TOWER,39.74371,-75.50679,39.87,-75.23,78.30,88.50
55985.9924154,3,7153,MILLVILLE MUNICIPAL AP,7153,RECIRCULATING TOWER,39.74371,-75.50679,39.37,-75.08,78.00,87.10
6562.4861851,1,7605,PEARSON FLD,7605,RECIRCULATING TOWER,45.64970,-122.72560,45.62,-122.65,69.30,85.70
11604.9845117,2,7605,PORTLAND INTERNATIONAL AP,7605,RECIRCULATING TOWER,45.64970,-122.72560,45.59,-122.60,69.40,87.00
21710.8764423,3,7605,PORTLAND/HILLSBORO,7605,RECIRCULATING TOWER,45.64970,-122.72560,45.53,-122.95,70.50,87.90
6538.3157851,1,7737,CHARLESTON INTL ARPT,7737,COMPLEX,32.90000,-79.96667,32.90,-80.04,80.50,89.10
132408.6581270,2,7737,SHAW AFB/SUMTER,7737,COMPLEX,32.90000,-79.96667,33.97,-80.47,78.50,89.00
142981.4390350,3,7737,SAVANNAH INTL AP,7737,COMPLEX,32.90000,-79.96667,32.12,-81.20,80.20,89.60
73090.5090792,1,7784,BUFFALO NIAGARA INTL AP,7784,COMPLEX,42.50292,-78.06835,42.94,-78.74,74.80,82.10
78805.2702872,2,7784,ROCHESTER GREATER ROCHESTER I,7784,COMPLEX,42.50292,-78.06835,43.12,-77.68,75.50,84.50
98704.0886455,3,7784,NIAGARA FALLS AF,7784,COMPLEX,42.50292,-78.06835,43.11,-78.95,75.50,83.90
93364.6018886,1,7832,YAKIMA AIR TERMINAL,7832,RECIRCULATING TOWER,45.80155,-120.16718,46.56,-120.53,68.40,90.70
94242.3237953,2,7832,PASCO,7832,RECIRCULATING TOWER,45.80155,-120.16718,46.27,-119.12,72.10,94.50
141426.1907020,3,7832,WALLA WALLA CITY COUNTY AP,7832,RECIRCULATING TOWER,45.80155,-120.16718,46.10,-118.29,68.80,93.20
41253.4911422,1,8023,MADISON DANE CO REGIONAL ARPT,8023,COMPLEX,43.48610,-89.41976,43.14,-89.35,77.10,86.40
78106.5243859,2,8023,FOND DU LAC CO.,8023,COMPLEX,43.48610,-89.41976,43.77,-88.49,76.60,85.30
88013.7335469,3,8023,WITTMAN RGNL,8023,COMPLEX,43.48610,-89.41976,43.98,-88.55,76.60,85.00
34144.3333866,1,8048,ST PETERSBURG CLEAR,8048,RECIRCULATING TOWER,28.18412,-82.78814,27.90,-82.68,82.10,88.60
34871.6331076,2,8048,TAMPA INTERNATIONAL AP,8048,RECIRCULATING TOWER,28.18412,-82.78814,27.96,-82.54,80.50,87.90
46002.4888669,3,8048,MACDILL AFB/TAMPA,8048,RECIRCULATING TOWER,28.18412,-82.78814,27.85,-82.52,80.90,87.20
98131.8574004,1,8055,FORT SMITH REGIONAL AP,8055,COMPLEX,35.31010,-93.23167,35.33,-94.37,79.60,92.40
101803.0549400,2,8055,LITTLE ROCK/ADAMS F,8055,COMPLEX,35.31010,-93.23167,34.83,-92.25,78.90,89.90
104041.3127370,3,8055,LITTLE ROCK AFB,8055,COMPLEX,35.31010,-93.23167,34.92,-92.15,81.10,91.10
23454.4467178,1,8226,PITTSBURGH ALLEGHENY CO AP,8226,COMPLEX,40.53824,-79.79002,40.36,-79.92,75.20,84.90
31246.5050912,2,8226,BUTLER CO. (AWOS),8226,COMPLEX,40.53824,-79.79002,40.78,-79.95,74.60,83.50
35370.1493418,3,8226,PITTSBURGH INTERNATIONAL AP,8226,COMPLEX,40.53824,-79.79002,40.50,-80.23,75.20,84.80
10617.5916386,1,10168,MOUNTAIN VIEW MOFFETT FLD NAS,10168,RECIRCULATING TOWER,37.42985,-122.17628,37.42,-122.05,68.50,82.60
22169.0006892,2,10168,SAN JOSE INTL AP,10168,RECIRCULATING TOWER,37.42985,-122.17628,37.36,-121.93,69.50,87.20
27461.5986686,3,10168,HAYWARD AIR TERM,10168,RECIRCULATING TOWER,37.42985,-122.17628,37.66,-122.12,68.30,82.50
23524.4598589,1,10350,BEALE AFB/MARYSVILE,10350,COMPLEX,39.05254,-121.69600,39.13,-121.43,73.10,96.20
42424.5271563,2,10350,SACRAMENTO METROPOLITAN AP,10350,COMPLEX,39.05254,-121.69600,38.70,-121.59,73.20,96.70
51154.9451193,3,10350,MCCLELLAN AFB,10350,COMPLEX,39.05254,-121.69600,38.67,-121.40,72.30,97.40
39035.4539969,1,10378,WILMINGTON INTERNATIONAL ARPT,10378,RECIRCULATING TOWER,33.94441,-78.01155,34.27,-77.91,80.30,89.00
101840.8965790,2,10378,NEW RIVER MCAF,10378,RECIRCULATING TOWER,33.94441,-78.01155,34.70,-77.43,80.50,89.30
108950.2521910,3,10378,JACKSONVILLE (AWOS),10378,RECIRCULATING TOWER,33.94441,-78.01155,34.83,-77.62,79.00,90.60
46712.8117177,1,10382,FAYETTEVILLE RGNL G,10382,RECIRCULATING TOWER,34.59000,-78.99680,34.98,-78.88,79.30,90.00
63412.1522306,2,10382,FORT BRAGG/SIMMONS,10382,RECIRCULATING TOWER,34.59000,-78.99680,35.13,-78.93,79.20,90.40
67857.2566655,3,10382,POPE AFB,10382,RECIRCULATING TOWER,34.59000,-78.99680,35.17,-79.02,79.50,89.40
3456.7669116,1,10810,SAN DIEGO LINDBERGH FIELD,10810,COMPLEX,32.73532,-117.20820,32.74,-117.17,72.90,79.40
4173.0345395,2,10810,SAN DIEGO NORTH ISLAND NAS,10810,COMPLEX,32.73532,-117.20820,32.70,-117.20,71.60,77.40
12075.6555469,3,10810,SAN DIEGO/MONTGOMER,10810,COMPLEX,32.73532,-117.20820,32.82,-117.13,71.60,81.40
14622.9091693,1,50290,PLYMOUTH MUNICIPAL,50290,COMPLEX,41.80220,-70.78750,41.92,-70.73,76.00,84.20
20135.6822560,2,50290,NEW BEDFORD RGNL,50290,COMPLEX,41.80220,-70.78750,41.67,-70.95,75.70,83.50
27589.5664298,3,50290,OTIS ANGB,50290,COMPLEX,41.80220,-70.78750,41.65,-70.52,75.60,81.00
61139.9204137,1,50449,BUFFALO NIAGARA INTL AP,50449,COMPLEX,42.65408,-78.07737,42.94,-78.74,74.80,82.10
62954.8682954,2,50449,ROCHESTER GREATER ROCHESTER I,50449,COMPLEX,42.65408,-78.07737,43.12,-77.68,75.50,84.50
85986.3613608,3,50449,NIAGARA FALLS AF,50449,COMPLEX,42.65408,-78.07737,43.11,-78.95,75.50,83.90
48713.8342982,1,50560,MODESTO CITY-COUNTY AP,50560,COMPLEX,37.87454,-120.47726,37.63,-120.95,72.50,96.80
58658.9125401,2,50560,CASTLE AFB/MERCED,50560,COMPLEX,37.87454,-120.47726,37.38,-120.57,72.30,94.90
63341.8513259,3,50560,STOCKTON METROPOLITAN ARPT,50560,COMPLEX,37.87454,-120.47726,37.89,-121.24,73.40,96.10
7320.9172340,1,50851,CAMARILLO (AWOS),50851,COMPLEX,34.16211,-119.04788,34.22,-119.08,69.30,78.60
8007.1081743,2,50851,POINT MUGU NF,50851,COMPLEX,34.16211,-119.04788,34.12,-119.12,70.10,76.10
60411.8947501,3,50851,BURBANK-GLENDALE-PASSADENA AP,50851,COMPLEX,34.16211,-119.04788,34.20,-118.36,73.40,90.40
2002.5911495,1,50886,SPOKANE INTERNATIONAL AP,50886,COMPLEX,47.62622,-117.50371,47.62,-117.53,65.20,87.00
10395.1532456,2,50886,FAIRCHILD AFB,50886,COMPLEX,47.62622,-117.50371,47.62,-117.65,64.90,85.30
14477.1890603,3,50886,FELTS FLD,50886,COMPLEX,47.62622,-117.50371,47.68,-117.32,67.90,89.80
58331.1581913,1,52071,GEORGETOWN (AWOS),52071,COMPLEX,30.56810,-97.06140,30.68,-97.68,76.90,88.40
64580.1056701,2,52071,COLLEGE STATION EASTERWOOD FL,52071,COMPLEX,30.56810,-97.06140,30.59,-96.36,79.90,90.90
71322.8779314,3,52071,CAMP MABRY,52071,COMPLEX,30.56810,-97.06140,30.32,-97.77,78.50,88.90
9802.6881528,1,54238,STOCKTON METROPOLITAN ARPT,54238,RECIRCULATING TOWER,37.94363,-121.33043,37.89,-121.24,73.40,96.10
48587.1909676,2,54238,MODESTO CITY-COUNTY AP,54238,RECIRCULATING TOWER,37.94363,-121.33043,37.63,-120.95,72.50,96.80
50444.9935187,3,54238,LIVERMORE MUNICIPAL,54238,RECIRCULATING TOWER,37.94363,-121.33043,37.69,-121.82,70.80,95.00
18152.9720301,1,54586,LAWRENCE MUNI,54586,COMPLEX,42.63212,-71.31324,42.72,-71.12,76.00,85.20
36530.6354408,2,54586,MANCHESTER AIRPORT,54586,COMPLEX,42.63212,-71.31324,42.93,-71.44,75.80,86.40
39789.0105430,3,54586,BOSTON LOGAN INT'L ARPT,54586,COMPLEX,42.63212,-71.31324,42.36,-71.01,76.20,86.30
59650.3209559,1,55100,AUBURN-LEWISTON,55100,COMPLEX,44.53075,-70.52183,44.05,-70.28,73.50,83.20
86805.0449005,2,55100,BRUNSWICK NAS,55100,COMPLEX,44.53075,-70.52183,43.90,-69.93,73.50,82.60
106603.2351400,3,55100,PORTLAND INTL JETPORT,55100,COMPLEX,44.53075,-70.52183,43.64,-70.30,73.90,83.00
85975.4360885,1,55103,MEDFORD ROGUE VALLEY INTL AP,55103,RECIRCULATING TOWER,42.17388,-121.81121,42.39,-122.87,69.00,94.00
199226.2004000,2,55103,REDDING MUNICIPAL ARPT,55103,RECIRCULATING TOWER,42.17388,-121.81121,40.52,-122.31,72.00,97.50
250522.7612500,3,55103,REDMOND ROBERTS FIELD,55103,RECIRCULATING TOWER,42.17388,-121.81121,44.25,-121.15,63.80,88.40
27557.1057851,1,55104,PORT ARTHUR JEFFERSON COUNTY,55104,COMPLEX,30.05476,-93.75286,29.95,-94.02,81.70,88.90
49186.9101776,2,55104,LAKE CHARLES REGIONAL ARPT,55104,COMPLEX,30.05476,-93.75286,30.13,-93.23,81.40,88.60
52252.0029584,3,55104,SABINE,55104,COMPLEX,30.05476,-93.75286,29.67,-94.05,81.10,85.30
57058.0100534,1,55139,FORT WORTH NAS,55139,RECIRCULATING TOWER,32.33369,-97.73162,32.77,-97.44,79.30,92.30
65610.0622437,2,55139,FORT WORTH MEACHAM,55139,RECIRCULATING TOWER,32.33369,-97.73162,32.82,-97.36,78.50,91.80
82346.5868177,3,55139,DALLAS HENSLEY FIELD NAS,55139,RECIRCULATING TOWER,32.33369,-97.73162,32.73,-96.97,78.60,91.90
15931.3275540,1,55144,SAN MARCOS MUNI,55144,RECIRCULATING TOWER,29.78113,-97.98977,29.88,-97.87,78.20,90.80
39598.6595130,2,55144,RANDOLPH AFB,55144,RECIRCULATING TOWER,29.78113,-97.98977,29.53,-98.28,78.30,89.20
52489.7999743,3,55144,SAN ANTONIO INTL AP,55144,RECIRCULATING TOWER,29.78113,-97.98977,29.53,-98.46,78.00,88.00
64432.7075412,1,55183,ROCKFORD GREATER ROCKFORD AP,55183,RECIRCULATING TOWER,41.77444,-89.60722,42.20,-89.09,78.20,87.80
78290.4448243,2,55183,DAVENPORT NEXRAD,55183,RECIRCULATING TOWER,41.77444,-89.60722,41.62,-90.58,78.50,87.00
80056.0616433,3,55183,MOLINE QUAD CITY INTL AP,55183,RECIRCULATING TOWER,41.77444,-89.60722,41.47,-90.52,79.10,89.70
45116.9554415,1,55210,WHITE SANDS,55210,COMPLEX,32.11455,-106.84610,32.38,-106.48,69.80,87.40
54967.5694335,2,55210,EL PASO INTERNATIONAL AP,55210,COMPLEX,32.11455,-106.84610,31.81,-106.38,70.30,86.10
108555.4009770,3,55210,HOLLOMAN AFB,55210,COMPLEX,32.11455,-106.84610,32.85,-106.10,68.70,86.40
13106.9817293,1,55242,PENSACOLA REGIONAL AP,55242,RECIRCULATING TOWER,30.56640,-87.11500,30.47,-87.19,81.00,88.40
31336.9092122,2,55242,PENSACOLA FOREST SHERMAN NAS,55242,RECIRCULATING TOWER,30.56640,-87.11500,30.35,-87.32,81.80,88.40
105327.9231050,3,55242,MOBILE REGIONAL AP,55242,RECIRCULATING TOWER,30.56640,-87.11500,30.69,-88.25,80.10,88.40
64372.1111539,1,55350,LANCASTER\FAIRFIEL,55350,RECIRCULATING TOWER,40.09280,-82.02760,39.75,-82.65,76.80,86.60
69536.8841250,2,55350,COLUMBUS PORT COLUMBUS INTL A,55350,RECIRCULATING TOWER,40.09280,-82.02760,39.99,-82.88,76.70,86.80
79396.0111185,3,55350,RICKENBACKER ANGB,55350,RECIRCULATING TOWER,40.09280,-82.02760,39.82,-82.93,79.80,86.70
91178.1368027,1,55482,YAKIMA AIR TERMINAL,55482,COMPLEX,45.81080,-120.83346,46.56,-120.53,68.40,90.70
132043.6190720,2,55482,PORTLAND INTERNATIONAL AP,55482,COMPLEX,45.81080,-120.83346,45.59,-122.60,69.40,87.00
134966.8110780,3,55482,PEARSON FLD,55482,COMPLEX,45.81080,-120.83346,45.62,-122.65,69.30,85.70
57614.5565946,1,55524,WILMINGTON NEW CASTLE CNTY AP,55524,RECIRCULATING TOWER,39.73750,-76.30667,39.67,-75.60,78.00,87.30
64638.6735223,2,55524,MIDDLETOWN HARRISBURG INTL AP,55524,RECIRCULATING TOWER,39.73750,-76.30667,40.19,-76.76,78.00,87.70
71748.3591489,3,55524,HARRISBURG CAPITAL CITY ARPT,55524,RECIRCULATING TOWER,39.73750,-76.30667,40.22,-76.85,76.50,86.80
11446.8392543,1,55690,ALLENTOWN LEHIGH VALLEY INTL,55690,RECIRCULATING TOWER,40.61818,-75.31414,40.65,-75.45,76.70,86.30
51061.1131580,2,55690,WILLOW GROVE NAS,55690,RECIRCULATING TOWER,40.61818,-75.31414,40.20,-75.15,77.70,88.60
56675.5934585,3,55690,TRENTON MERCER COUNTY AP,55690,RECIRCULATING TOWER,40.61818,-75.31414,40.28,-74.81,77.50,88.90
56101.3848393,1,55701,TOLEDO EXPRESS AIRPORT,55701,RECIRCULATING TOWER,41.37712,-83.16139,41.59,-83.80,77.20,86.90
59072.3963761,2,55701,FINDLAY AIRPORT,55701,RECIRCULATING TOWER,41.37712,-83.16139,41.01,-83.67,76.80,86.20
83040.8891253,3,55701,MANSFIELD LAHM MUNICIPAL ARPT,55701,RECIRCULATING TOWER,41.37712,-83.16139,40.82,-82.52,75.80,84.60
33512.6785759,1,55708,NACOGDOCHES (AWOS),55708,RECIRCULATING TOWER,31.83213,-94.90064,31.58,-94.72,78.80,89.60
67017.5790293,2,55708,LONGVIEW GREGG COUNTY AP,55708,RECIRCULATING TOWER,31.83213,-94.90064,32.39,-94.71,79.00,90.10
71127.7913854,3,55708,LUFKIN ANGELINA CO,55708,RECIRCULATING TOWER,31.83213,-94.90064,31.23,-94.75,80.00,90.30
7641.3004908,1,55748,SAN JOSE INTL AP,55748,RECIRCULATING TOWER,37.42500,-121.93190,37.36,-121.93,69.50,87.20
9888.4437695,2,55748,MOUNTAIN VIEW MOFFETT FLD NAS,55748,RECIRCULATING TOWER,37.42500,-121.93190,37.42,-122.05,68.50,82.60
31773.5262500,3,55748,HAYWARD AIR TERM,55748,RECIRCULATING TOWER,37.42500,-121.93190,37.66,-122.12,68.30,82.50
35267.5230391,1,55856,SCOTT AFB/BELLEVILL,55856,RECIRCULATING TOWER,38.27917,-89.66694,38.55,-89.85,80.20,90.40
52480.7509221,2,55856,CAHOKIA/ST. LOUIS,55856,RECIRCULATING TOWER,38.27917,-89.66694,38.57,-90.15,80.40,90.30
80094.2282935,3,55856,ST LOUIS LAMBERT INT'L ARPT,55856,RECIRCULATING TOWER,38.27917,-89.66694,38.75,-90.37,79.40,90.80
94107.9786299,1,55966,ANCHORAGE INTL AP,55966,RECIRCULATING TOWER,60.67654,-151.37771,61.18,-149.99,60.30,68.90
95437.1369749,2,55966,LAKE HOOD SEAPLANE,55966,RECIRCULATING TOWER,60.67654,-151.37771,61.18,-149.96,61.20,72.00
102422.6098330,3,55966,ANCHORAGE MERRILL FIELD,55966,RECIRCULATING TOWER,60.67654,-151.37771,61.22,-149.86,61.20,70.30
52761.1740726,1,56079,PINE BLUFF FAA AP,56079,RECIRCULATING TOWER,34.51336,-91.53254,34.18,-91.94,80.40,91.80
66705.4500555,2,56079,LITTLE ROCK ADAMS FIELD,56079,RECIRCULATING TOWER,34.51336,-91.53254,34.75,-92.23,80.20,91.70
71697.9473480,3,56079,LITTLE ROCK AFB,56079,RECIRCULATING TOWER,34.51336,-91.53254,34.92,-92.15,81.10,91.10
8152.5336508,1,56309,CAHOKIA/ST. LOUIS,56309,RECIRCULATING TOWER,38.63575,-90.18109,38.57,-90.15,80.40,90.30
20519.0993667,2,56309,ST LOUIS LAMBERT INT'L ARPT,56309,RECIRCULATING TOWER,38.63575,-90.18109,38.75,-90.37,79.40,90.80
29006.3089723,3,56309,SCOTT AFB/BELLEVILL,56309,RECIRCULATING TOWER,38.63575,-90.18109,38.55,-89.85,80.20,90.40
172162.5987760,1,56319,ELLSWORTH AFB,56319,COMPLEX,44.29146,-105.38106,44.15,-103.10,70.90,86.10
177558.3429160,2,56319,RAPID CITY REGIONAL ARPT,56319,COMPLEX,44.29146,-105.38106,44.05,-103.05,71.00,85.80
184067.2842740,3,56319,CASPER NATRONA CO INTL AP,56319,COMPLEX,44.29146,-105.38106,42.90,-106.47,63.60,83.30
3193.9393171,1,56467,HAYWARD AIR TERM,56467,RECIRCULATING TOWER,37.63466,-122.13381,37.66,-122.12,68.30,82.50
16392.5353165,2,56467,OAKLAND METROPOLITAN ARPT,56467,RECIRCULATING TOWER,37.63466,-122.13381,37.76,-122.22,67.60,78.00
19131.1359267,3,56467,ALAMEDA NAS,56467,RECIRCULATING TOWER,37.63466,-122.13381,37.73,-122.32,66.70,79.10
29125.7450518,1,56564,TEXARKANA WEBB FIELD,56564,RECIRCULATING TOWER,33.64972,-93.81194,33.45,-94.01,79.70,91.20
129362.2905270,2,56564,SHREVEPORT DOWNTOWN,56564,RECIRCULATING TOWER,33.64972,-93.81194,32.54,-93.74,79.50,91.50
134448.0624570,3,56564,BARKSDALE AFB,56564,RECIRCULATING TOWER,33.64972,-93.81194,32.50,-93.67,79.80,90.20
29348.2257498,1,56611,WACO REGIONAL AP,56611,RECIRCULATING TOWER,31.47438,-96.95715,31.61,-97.23,78.70,91.60
32991.6597298,2,56611,MC GREGOR (AWOS),56611,RECIRCULATING TOWER,31.47438,-96.95715,31.48,-97.32,78.90,91.70
55135.8242150,3,56611,DRAUGHON MILLER CEN,56611,RECIRCULATING TOWER,31.47438,-96.95715,31.15,-97.40,78.00,90.60
56092.7126132,1,56671,WASHINGTON (AWOS),56671,RECIRCULATING TOWER,39.70789,-79.95897,40.13,-80.28,73.50,83.00
76989.9372645,2,56671,PITTSBURGH ALLEGHENY CO AP,56671,RECIRCULATING TOWER,39.70789,-79.95897,40.36,-79.92,75.20,84.90
95945.7424366,3,56671,PITTSBURGH INTERNATIONAL AP,56671,RECIRCULATING TOWER,39.70789,-79.95897,40.50,-80.23,75.20,84.80
121229.3064530,1,56786,FARGO HECTOR INTERNATIONAL AP,56786,RECIRCULATING TOWER,46.92642,-98.49971,46.93,-96.81,75.40,85.40
145805.0482650,2,56786,GRAND FORKS AFB,56786,RECIRCULATING TOWER,46.92642,-98.49971,47.97,-97.40,76.20,84.40
152898.7242480,3,56786,GRAND FORKS INTERNATIONAL AP,56786,RECIRCULATING TOWER,46.92642,-98.49971,47.95,-97.18,75.00,84.70
22451.4297626,1,56798,HARTFORD BRAINARD FD,56798,RECIRCULATING TOWER,41.55323,-72.59687,41.74,-72.65,77.20,85.70
38760.8187584,2,56798,WILLIMANTIC (ASOS),56798,RECIRCULATING TOWER,41.55323,-72.59687,41.73,-72.18,76.20,85.20
42730.4087339,3,56798,OXFORD (AWOS),56798,RECIRCULATING TOWER,41.55323,-72.59687,41.48,-73.13,75.30,83.20
83368.5860170,1,56807,RICHMOND INTERNATIONAL AP,56807,RECIRCULATING TOWER,37.69556,-78.28528,37.51,-77.32,78.60,89.40
84635.8364214,2,56807,STAUNTON/SHENANDOAH,56807,RECIRCULATING TOWER,37.69556,-78.28528,38.27,-78.90,78.40,87.40
87771.4644106,3,56807,LYNCHBURG REGIONAL ARPT,56807,RECIRCULATING TOWER,37.69556,-78.28528,37.34,-79.21,76.50,87.00
21470.1635043,1,56847,WILLIMANTIC (ASOS),56847,RECIRCULATING TOWER,41.66438,-71.92418,41.73,-72.18,76.20,85.20
39234.5446000,2,56847,PROVIDENCE T F GREEN STATE AR,56847,RECIRCULATING TOWER,41.66438,-71.92418,41.72,-71.43,76.50,85.20
44841.2825255,3,56847,PAWTUCKET (AWOS),56847,RECIRCULATING TOWER,41.66438,-71.92418,41.92,-71.50,75.20,84.10
15745.3118966,1,56931,LUFKIN ANGELINA CO,56931,RECIRCULATING TOWER,31.36583,-94.74361,31.23,-94.75,80.00,90.30
24915.0495801,2,56931,NACOGDOCHES (AWOS),56931,RECIRCULATING TOWER,31.36583,-94.74361,31.58,-94.72,78.80,89.60
118880.8760640,3,56931,LONGVIEW GREGG COUNTY AP,56931,RECIRCULATING TOWER,31.36583,-94.74361,32.39,-94.71,79.00,90.10
3443.5812069,1,56963,PHILADELPHIA INTERNATIONAL AP,56963,RECIRCULATING TOWER,39.84140,-75.22140,39.87,-75.23,78.30,88.50
32881.4962450,2,56963,PHILADELPHIA NE PHILADELPHIA,56963,RECIRCULATING TOWER,39.84140,-75.22140,40.08,-75.01,78.70,88.80
36628.8384396,3,56963,WILMINGTON NEW CASTLE CNTY AP,56963,RECIRCULATING TOWER,39.84140,-75.22140,39.67,-75.60,78.00,87.30
4231.6728463,1,56998,PUEBLO MEMORIAL AP,56998,RECIRCULATING TOWER,38.32083,-104.52639,38.29,-104.50,67.30,85.00
59542.4456434,2,56998,COLORADO SPRINGS MUNI AP,56998,RECIRCULATING TOWER,38.32083,-104.52639,38.81,-104.71,63.30,78.30
149520.1435120,3,56998,DENVER/CENTENNIAL,56998,RECIRCULATING TOWER,38.32083,-104.52639,39.57,-104.85,65.10,81.10
35475.6455638,1,57028,CALDWELL (AWOS),57028,RECIRCULATING TOWER,43.90444,-116.81972,43.63,-116.63,68.30,92.10
60208.3759263,2,57028,BOISE AIR TERMINAL,57028,RECIRCULATING TOWER,43.90444,-116.81972,43.57,-116.22,66.30,91.70
245550.3102100,3,57028,JOSLIN FLD MAGIC VA,57028,RECIRCULATING TOWER,43.90444,-116.81972,42.48,-114.48,66.90,89.60
21081.2127635,1,57037,MERIDIAN NAAS,57037,RECIRCULATING TOWER,32.65472,-88.76222,32.55,-88.57,80.30,91.50
37761.4899670,2,57037,MERIDIAN KEY FIELD,57037,RECIRCULATING TOWER,32.65472,-88.76222,32.33,-88.75,79.60,89.60
120576.8066090,3,57037,TUSCALOOSA MUNICIPAL AP,57037,RECIRCULATING TOWER,32.65472,-88.76222,33.21,-87.62,79.80,90.20
28720.2634100,1,57138,AUGUSTA BUSH FIELD,57138,RECIRCULATING TOWER,33.28333,-81.66667,33.37,-81.97,79.40,91.10
38843.2783993,2,57138,AUGUSTA\DANIEL FLD,57138,RECIRCULATING TOWER,33.28333,-81.66667,33.47,-82.03,77.80,89.20
90502.3680868,3,57138,COLUMBIA METRO ARPT,57138,RECIRCULATING TOWER,33.28333,-81.66667,33.94,-81.12,78.40,90.00
14767.4773154,1,57241,GAINESVILLE REGIONAL AP,57241,RECIRCULATING TOWER,29.76750,-82.39639,29.69,-82.27,79.70,88.40
70755.4503583,2,57241,OCALA MUNI (AWOS),57241,RECIRCULATING TOWER,29.76750,-82.39639,29.17,-82.22,78.70,87.60
71463.9631745,3,57241,CECIL FIELD,57241,RECIRCULATING TOWER,29.76750,-82.39639,30.22,-81.87,79.40,89.90
7153.1986693,1,57349,DOVER AFB,57349,RECIRCULATING TOWER,39.18720,-75.49940,39.13,-75.47,78.60,87.00
40325.5670071,2,57349,MILLVILLE MUNICIPAL AP,57349,RECIRCULATING TOWER,39.18720,-75.49940,39.37,-75.08,78.00,87.10
57496.1893840,3,57349,WILMINGTON NEW CASTLE CNTY AP,57349,RECIRCULATING TOWER,39.18720,-75.49940,39.67,-75.60,78.00,87.30
8304.4132439,1,57703,CHEYENNE MUNICIPAL ARPT,57703,RECIRCULATING TOWER,41.12361,-104.72000,41.16,-104.81,63.00,77.60
70242.7306845,2,57703,FORT COLLINS(SAWRS),57703,RECIRCULATING TOWER,41.12361,-104.72000,40.58,-105.08,66.00,80.70
82191.4011399,3,57703,GREELEY/WELD (AWOS),57703,RECIRCULATING TOWER,41.12361,-104.72000,40.43,-104.63,67.10,84.30
43897.2968397,1,57822,CINCINNATI MUNICIPAL AP LUNKI,57822,RECIRCULATING TOWER,39.47222,-84.40139,39.10,-84.42,77.90,88.00
50854.6695712,2,57822,WRIGHT-PATERSON AFB,57822,RECIRCULATING TOWER,39.47222,-84.40139,39.83,-84.05,77.50,87.10
53661.7944093,3,57822,DAYTON INTERNATIONAL AIRPORT,57822,RECIRCULATING TOWER,39.47222,-84.40139,39.91,-84.22,76.50,86.20
26944.0965847,1,57839,NEWARK INTERNATIONAL ARPT,57839,RECIRCULATING TOWER,40.51500,-74.31889,40.72,-74.17,77.70,88.80
42317.2353465,2,57839,BELMAR-FARMINGDALE,57839,RECIRCULATING TOWER,40.51500,-74.31889,40.18,-74.13,76.40,86.50
44582.5369002,3,57839,TETERBORO AIRPORT,57839,RECIRCULATING TOWER,40.51500,-74.31889,40.85,-74.06,78.00,88.00
10233.6163533,1,57898,WEST PALM BEACH INTL ARPT,57898,RECIRCULATING TOWER,26.77244,-80.14182,26.69,-80.10,80.10,87.70
80012.9448516,2,57898,FORT LAUDERDALE HOLLYWOOD INT,57898,RECIRCULATING TOWER,26.77244,-80.14182,26.07,-80.15,81.20,88.00
104865.4403590,3,57898,VERO BEACH MUNICIPAL ARPT,57898,RECIRCULATING TOWER,26.77244,-80.14182,27.66,-80.42,80.30,88.00
53388.3179718,1,57909,ATLANTA (NEXRAD),57909,RECIRCULATING TOWER,33.04528,-84.12556,33.37,-84.55,77.40,87.50
59233.1096152,2,57909,MACON MIDDLE GA REGIONAL AP,57909,RECIRCULATING TOWER,33.04528,-84.12556,32.69,-83.65,79.10,90.50
67336.9940958,3,57909,WARNER ROBINS AFB,57909,RECIRCULATING TOWER,33.04528,-84.12556,32.63,-83.60,79.80,90.90
26313.4144639,1,57978,STOCKTON METROPOLITAN ARPT,57978,RECIRCULATING TOWER,38.08806,-121.38750,37.89,-121.24,73.40,96.10
49683.9379097,2,57978,TRAVIS AFB/FAIRFLD,57978,RECIRCULATING TOWER,38.08806,-121.38750,38.27,-121.93,70.30,93.20
50378.6718395,3,57978,SACRAMENTO EXECUTIVE ARPT,57978,RECIRCULATING TOWER,38.08806,-121.38750,38.51,-121.49,72.70,95.80
13268.6900001,1,58001,DRAUGHON MILLER CEN,58001,RECIRCULATING TOWER,31.05583,-97.31722,31.15,-97.40,78.00,90.60
33278.1103894,2,58001,KILLEEN MUNI (AWOS),58001,RECIRCULATING TOWER,31.05583,-97.31722,31.08,-97.68,77.90,91.70
46902.9824732,3,58001,FORT HOOD/GRAY AAF,58001,RECIRCULATING TOWER,31.05583,-97.31722,31.07,-97.83,77.70,90.00
47026.4952120,1,58005,MCKINNEY MUNI ARPT,58005,RECIRCULATING TOWER,33.58257,-96.61789,33.18,-96.58,78.50,92.30
87773.3315532,2,58005,DALLAS LOVE FIELD,58005,RECIRCULATING TOWER,33.58257,-96.61789,32.85,-96.85,79.50,92.70
87885.2304157,3,58005,DALLAS-FORT WORTH INTL AP,58005,RECIRCULATING TOWER,33.58257,-96.61789,32.90,-97.04,78.60,91.40
14262.2428562,1,58007,FULLERTON MUNICIPAL,58007,RECIRCULATING TOWER,33.93202,-117.84023,33.87,-117.98,72.80,86.80
23201.4820344,2,58007,ONTARIO,58007,RECIRCULATING TOWER,33.93202,-117.84023,34.07,-117.65,74.70,93.60
27079.4321725,3,58007,TUSTIN MCAF,58007,RECIRCULATING TOWER,33.93202,-117.84023,33.70,-117.83,73.70,86.70
83690.8721571,1,58054,AUBURN-LEWISTON,58054,RECIRCULATING TOWER,44.47194,-71.17528,44.05,-70.28,73.50,83.20
115458.5282330,2,58054,BRUNSWICK NAS,58054,RECIRCULATING TOWER,44.47194,-71.17528,43.90,-69.93,73.50,82.60
118391.6929720,3,58054,PORTLAND INTL JETPORT,58054,RECIRCULATING TOWER,44.47194,-71.17528,43.64,-70.30,73.90,83.00
3821.4982053,1,58079,NEWARK INTERNATIONAL ARPT,58079,RECIRCULATING TOWER,40.70722,-74.12583,40.72,-74.17,77.70,88.80
17647.2183874,2,58079,TETERBORO AIRPORT,58079,RECIRCULATING TOWER,40.70722,-74.12583,40.85,-74.06,78.00,88.00
21338.1369981,3,58079,NEW YORK LAGUARDIA ARPT,58079,RECIRCULATING TOWER,40.70722,-74.12583,40.78,-73.88,77.20,87.20
4989.5172273,1,58124,WAUSAU MUNICIPAL ARPT,58124,RECIRCULATING TOWER,44.88778,-89.62972,44.93,-89.63,74.50,83.40
13084.9483021,2,58124,MOSINEE/CENTRAL WI,58124,RECIRCULATING TOWER,44.88778,-89.62972,44.78,-89.67,74.40,83.50
112030.9100560,3,58124,APPLETON/OUTAGAMIE,58124,RECIRCULATING TOWER,44.88778,-89.62972,44.25,-88.52,77.60,85.60
1194.4691869,1,58205,KANSAS CITY DOWNTOWN AP,58205,RECIRCULATING TOWER,39.11194,-94.58111,39.12,-94.59,79.70,91.40
24878.1616135,2,58205,KANSAS CITY INT'L ARPT,58205,RECIRCULATING TOWER,39.11194,-94.58111,39.30,-94.72,79.50,90.30
33169.0347923,3,58205,OLATHE/JOHNSON CO.,58205,RECIRCULATING TOWER,39.11194,-94.58111,38.85,-94.73,79.00,90.00
7450.3589773,1,58427,LANSING CAPITAL CITY ARPT,58427,RECIRCULATING TOWER,42.71972,-84.55167,42.78,-84.58,76.40,85.40
54787.4705119,2,58427,JACKSON REYNOLDS FIELD,58427,RECIRCULATING TOWER,42.71972,-84.55167,42.26,-84.46,76.60,84.90
68330.8570514,3,58427,FLINT BISHOP INTL ARPT,58427,RECIRCULATING TOWER,42.71972,-84.55167,42.97,-83.75,76.50,85.40
44584.2830966,1,58472,SACRAMENTO MATHER AIRPORT,58472,RECIRCULATING TOWER,38.27778,-120.91361,38.55,-121.29,71.20,97.20
53024.5405202,2,58472,STOCKTON METROPOLITAN ARPT,58472,RECIRCULATING TOWER,38.27778,-120.91361,37.89,-121.24,73.40,96.10
54787.9757142,3,58472,SACRAMENTO EXECUTIVE ARPT,58472,RECIRCULATING TOWER,38.27778,-120.91361,38.51,-121.49,72.70,95.80
47968.0205067,1,58557,LUKE AFB/PHOENIX,58557,RECIRCULATING TOWER,33.34500,-112.86417,33.53,-112.38,77.40,96.40
78201.8187670,2,58557,PHOENIX SKY HARBOR INTL AP,58557,RECIRCULATING TOWER,33.34500,-112.86417,33.44,-111.99,76.10,96.40
107557.1482280,3,58557,CASA GRANDA (AWOS),58557,RECIRCULATING TOWER,33.34500,-112.86417,32.95,-111.77,73.90,93.10
42366.3081065,1,58560,DANVILLE FAA AP,58560,RECIRCULATING TOWER,36.70139,-78.87333,36.57,-79.34,77.80,88.70
80171.9542807,2,58560,LYNCHBURG REGIONAL ARPT,58560,RECIRCULATING TOWER,36.70139,-78.87333,37.34,-79.21,76.50,87.00
97773.1040149,3,58560,RALEIGH DURHAM INTERNATIONAL,58560,RECIRCULATING TOWER,36.70139,-78.87333,35.87,-78.79,78.30,89.30
143241.9991730,1,58574,GRAND JUNCTION WALKER FIELD,58574,RECIRCULATING TOWER,39.64806,-106.94306,39.13,-108.54,65.50,85.40
167995.0005530,2,58574,DENVER STAPLETON INT'L ARPT,58574,RECIRCULATING TOWER,39.64806,-106.94306,39.77,-104.87,64.60,81.80
169503.6511370,3,58574,DENVER/CENTENNIAL,58574,RECIRCULATING TOWER,39.64806,-106.94306,39.57,-104.85,65.10,81.10
47704.5542495,1,58595,CONCORD MUNICIPAL ARPT,58595,RECIRCULATING TOWER,43.56083,-71.78056,43.20,-71.50,74.70,84.70
78965.2473882,2,58595,MANCHESTER AIRPORT,58595,RECIRCULATING TOWER,43.56083,-71.78056,42.93,-71.44,75.80,86.40
82857.9640180,3,58595,SANFORD MUNI (AWOS),58595,RECIRCULATING TOWER,43.56083,-71.78056,43.40,-70.72,73.70,84.10
75111.0992113,1,58706,AUGUSTA BUSH FIELD,58706,RECIRCULATING TOWER,32.99500,-81.28194,33.37,-81.97,79.40,91.10
86422.5002709,2,58706,AUGUSTA\DANIEL FLD,58706,RECIRCULATING TOWER,32.99500,-81.28194,33.47,-82.03,77.80,89.20
101992.6346650,3,58706,SAVANNAH INTL AP,58706,RECIRCULATING TOWER,32.99500,-81.28194,32.12,-81.20,80.20,89.60
53722.0944286,1,58707,CHARLESTON INTL ARPT,58707,RECIRCULATING TOWER,33.23861,-80.45028,32.90,-80.04,80.50,89.10
85286.3509136,2,58707,SHAW AFB/SUMTER,58707,RECIRCULATING TOWER,33.23861,-80.45028,33.97,-80.47,78.50,89.00
100917.0436390,3,58707,COLUMBIA METRO ARPT,58707,RECIRCULATING TOWER,33.23861,-80.45028,33.94,-81.12,78.40,90.00
62650.2503533,1,58944,LUFKIN ANGELINA CO,58944,RECIRCULATING TOWER,30.74833,-94.43750,31.23,-94.75,80.00,90.30
99694.3962272,2,58944,NACOGDOCHES (AWOS),58944,RECIRCULATING TOWER,30.74833,-94.43750,31.58,-94.72,78.80,89.60
99932.1578014,3,58944,PORT ARTHUR JEFFERSON COUNTY,58944,RECIRCULATING TOWER,30.74833,-94.43750,29.95,-94.02,81.70,88.90
12253.7171885,1,59254,PROVIDENCE T F GREEN STATE AR,59254,RECIRCULATING TOWER,41.80333,-71.52333,41.72,-71.43,76.50,85.20
13903.2805225,2,59254,PAWTUCKET (AWOS),59254,RECIRCULATING TOWER,41.80333,-71.52333,41.92,-71.50,75.20,84.10
47529.5352717,3,59254,NEW BEDFORD RGNL,59254,RECIRCULATING TOWER,41.80333,-71.52333,41.67,-70.95,75.70,83.50
70409.2983306,1,59338,LUKE AFB/PHOENIX,59338,RECIRCULATING TOWER,32.97500,-112.69444,33.53,-112.38,77.40,96.40
82405.8868292,2,59338,CASA GRANDA (AWOS),59338,RECIRCULATING TOWER,32.97500,-112.69444,32.95,-111.77,73.90,93.10
82731.9120267,3,59338,PHOENIX SKY HARBOR INTL AP,59338,RECIRCULATING TOWER,32.97500,-112.69444,33.44,-111.99,76.10,96.40
70407.8920580,1,59784,LUKE AFB/PHOENIX,59784,RECIRCULATING TOWER,32.97500,-112.69440,33.53,-112.38,77.40,96.40
82402.3256737,2,59784,CASA GRANDA (AWOS),59784,RECIRCULATING TOWER,32.97500,-112.69440,32.95,-111.77,73.90,93.10
82729.2273415,3,59784,PHOENIX SKY HARBOR INTL AP,59784,RECIRCULATING TOWER,32.97500,-112.69440,33.44,-111.99,76.10,96.40
29552.1916679,1,60100,VISALIA MUNI (AWOS),60100,RECIRCULATING TOWER,36.57149,-119.41918,36.32,-119.40,75.00,95.00
35288.5195598,2,60100,FRESNO YOSEMITE INTL AP,60100,RECIRCULATING TOWER,36.57149,-119.41918,36.78,-119.72,73.70,98.00
53182.1152638,3,60100,LEMOORE REEVES NAS,60100,RECIRCULATING TOWER,36.57149,-119.41918,36.33,-119.95,75.10,97.60
