"Plant design conditions from EIA 860 report. User parameters (Min T,Min approach, and Max approach) specifies consitions used in model calculations",,,,,,,,,,,,
Days in month,,,,,,,,,,,,
Jan,Feb,Mar,Apr,May,Jun,Jul,Aug,Sep,Oct,Nov,Dec,design
31,28,31,30,31,30,31,31,30,31,30,31,30
Min T,Min approach,max approach,,,,,,,,,,
4.44444,5,15,,,,,,,,,,
Plant Characteristics,,,DC,,,,,,,,,
Plant_ID,Elevation,Pond_Area,Tdb,Twb,nwT,,,,,,,
51,245,0,89.62050661,79,30.49,,,,,,,
59,1870,0,88.02768518,74.99079651,30.49,,,,,,,
60,1890,0,88.07506764,75.00073091,30.49,,,,,,,
87,6890,0,79.3757684,62.51768759,30.49,,,,,,,
108,2920,0,88.30561281,70.90968836,30.49,,,,,,,
116,1180,0,96.68488697,75.06482624,30.49,,,,,,,
117,1060,0,96.65957508,75.28778524,30.49,,,,,,,
118,1910,0,89.86287489,72.21999983,30.49,,,,,,,
120,121,0,95.17238764,77.85301666,30.49,,,,,,,
126,2610,0,87.78565693,71.2098752,30.49,,,,,,,
127,1230,0,91.14378078,76.39770714,30.49,,,,,,,
130,80,0,87.83979351,78.42682415,30.49,,,,,,,
136,80,0,88.33952764,79,30.49,,,,,,,
141,1140,0,96.3335461,75.30324108,30.49,,,,,,,
147,1190,0,96.59249497,75.02244662,30.49,,,,,,,
160,4200,0,85.60070051,70.11482179,30.49,,,,,,,
165,620,0,89.96800465,77.7259636,30.49,,,,,,,
169,300,0,90,79,30.49,,,,,,,
207,10,0,87.26568437,79.35336055,30.49,,,,,,,
286,2704,0,92.93287316,69.62631685,30.49,,,,,,,
298,460,0,90.29513098,78.5727703,30.49,,,,,,,
299,6059,0,81.34181059,62.59179305,30.49,,,,,,,
329,1960,0,94.78574029,70.81112157,30.49,,,,,,,
331,1110,0,91.55720386,72.71795745,30.49,,,,,,,
358,1110,0,93.26854717,72.72050387,30.49,,,,,,,
371,450,0,92.46742551,66.82453838,30.49,,,,,,,
377,470,0,80.61977058,70.38175943,30.49,,,,,,,
389,-50,0,95.55687402,78.66373602,30.49,,,,,,,
408,920,0,80.61144929,70.38132411,30.49,,,,,,,
420,750,0,81.02201726,70.53264165,30.49,,,,,,,
462,5354,0,81.30577087,64.3078087,30.49,,,,,,,
465,5270,0,79.81025911,62.90512956,30.49,,,,,,,
469,5140,0,79.85626369,62.92813185,30.49,,,,,,,
478,5202,0,79.8286781,62.91433905,30.49,,,,,,,
492,5960,0,79.59423103,63.0934637,30.49,,,,,,,
493,6175,0,79.54872247,63.06505882,30.49,,,,,,,
508,3621,0,86.57609078,67.98420696,30.49,,,,,,,
510,2494,0,92.93826488,69.62954173,30.49,,,,,,,
525,6520,0,77.71034752,60.67067475,30.49,,,,,,,
527,5580,0,82.3517251,64,30.49,,,,,,,
533,197,0,88,79,30.49,,,,,,,
550,1442,0,83.99571408,63.99571408,30.49,,,,,,,
564,80,0,86.47828373,79.16877991,30.49,,,,,,,
589,115,0,80.03401016,72,30.49,,,,,,,
599,40,0,85.03313711,76.92341329,30.49,,,,,,,
602,20,0,86.28742442,77.13623552,30.49,,,,,,,
649,210,0,89,78.34402414,30.49,,,,,,,
663,190,0,87.53750559,79,30.49,,,,,,,
664,148,0,87.25933568,79,30.49,,,,,,,
672,59,0,87.00377142,79.48663538,30.49,,,,,,,
673,24,0,86.11756298,79.11756298,30.49,,,,,,,
688,130,0,87.79704993,79.20295007,30.49,,,,,,,
703,720,0,87.08676767,76.43782816,30.49,,,,,,,
710,810,0,86.49268768,76.08033375,30.49,,,,,,,
728,750,0,86.91456889,76.48244384,30.49,,,,,,,
772,56,0,81.1491738,76.0186993,30.49,,,,,,,
897,700,0,86.98330803,78,30.49,,,,,,,
902,2720,0,92.94804852,69.63517129,30.49,,,,,,,
1007,790,0,85.62449226,76.81224613,30.49,,,,,,,
1016,93,0,88.07326906,78.07326906,30.49,,,,,,,
1024,675,0,86,77.3242522,30.49,,,,,,,
1040,994,0,84.59497515,75.59497515,30.49,,,,,,,
1060,750,0,85.27020591,76.13510295,30.49,,,,,,,
1077,860,0,85.93944929,76.31314977,30.49,,,,,,,
1122,920,0,86.64546404,76.43660381,30.49,,,,,,,
1175,873,0,86.52911822,76.50970607,30.49,,,,,,,
1206,1334,0,88,77,30.49,,,,,,,
1217,1342,0,86.63969946,75.67760901,30.49,,,,,,,
1230,2605,0,88.65967202,71.23645963,30.49,,,,,,,
1233,2460,0,90,73.13799691,30.49,,,,,,,
1235,1928,0,90.63803508,75.42697209,30.49,,,,,,,
1240,1380,0,90,76,30.49,,,,,,,
1242,1300,0,90,76,30.49,,,,,,,
1243,854,0,89.27392289,77.4294687,30.49,,,,,,,
1248,1600,0,90,76,30.49,,,,,,,
1250,840,0,88.82859672,77.62595248,30.49,,,,,,,
1252,880,0,88.8111378,77.77226896,30.49,,,,,,,
1270,1197,0,90.92371716,77.69615413,30.49,,,,,,,
1271,733,0,89.97860502,77.68626107,30.49,,,,,,,
1317,1870,0,90,75.03537046,30.49,,,,,,,
1330,1213,0,90,76,30.49,,,,,,,
1336,2800,0,88.35207602,70.98840797,30.49,,,,,,,
1353,570,0,84.2522616,75.18762721,30.49,,,,,,,
1355,900,0,86.56893,76.56893,30.49,,,,,,,
1356,490,0,85.70750278,76.47166852,30.49,,,,,,,
1382,400,0,88.35871891,77.79580583,30.49,,,,,,,
1393,20,0,87.32634802,80.02188497,30.49,,,,,,,
1439,8,0,88.09146194,80.71536222,30.49,,,,,,,
1443,40,0,87.9401117,80,30.49,,,,,,,
1449,7,0,88.33819694,80.33819694,30.49,,,,,,,
1455,20,0,88.17709477,80.17709477,30.49,,,,,,,
1464,30,0,87.84015224,79.68030447,30.49,,,,,,,
1564,10,0,86.40574404,77.44860745,30.49,,,,,,,
1595,11,0,83.40504456,74.40504456,30.49,,,,,,,
1715,620,0,84.72501515,75.69799932,30.49,,,,,,,
1729,570,0,84,75,30.49,,,,,,,
1832,880,0,83.49157165,75.26043184,30.49,,,,,,,
1880,692,0,83.15985748,74.96544788,30.49,,,,,,,
1934,760,0,83.63559289,74.57592456,30.49,,,,,,,
1961,1206,0,83.45744482,74.97162988,30.49,,,,,,,
1979,1485,0,79.66325569,70.55172514,30.49,,,,,,,
1980,1040,0,83.28339065,74,30.49,,,,,,,
2001,845,0,83.68383312,74.57615873,30.49,,,,,,,
2022,1132,0,84.32326732,74.28378105,30.49,,,,,,,
2048,283,0,90,79,30.49,,,,,,,
2059,170,0,90.71980495,79.37136138,30.49,,,,,,,
2062,129,0,90.30257374,79,30.49,,,,,,,
2063,129,0,90.29840549,79,30.49,,,,,,,
2067,98,0,90.24387244,79.48774488,30.49,,,,,,,
2070,230,0,89.02059379,78.67353126,30.49,,,,,,,
2123,777,0,87.37530832,77.23848741,30.49,,,,,,,
2132,780,0,89.5668182,78,30.49,,,,,,,
2144,783,0,88.63874792,77.70601436,30.49,,,,,,,
2236,1310,0,89.29490719,76.71600165,30.49,,,,,,,
2240,1180,0,88.26172619,77,30.49,,,,,,,
2241,1844,0,88.01285927,74.99703969,30.49,,,,,,,
2277,1440,0,88.59970127,77,30.49,,,,,,,
2322,1680,0,94.28416612,70.12593555,30.49,,,,,,,
2324,1590,0,94.20896247,69.9918723,30.49,,,,,,,
2326,1702,0,94.69761228,70.32526282,30.49,,,,,,,
2393,140,0,84.78078719,75.78078719,30.49,,,,,,,
2398,2,0,85.79986952,76.6720195,30.49,,,,,,,
2406,10,0,85.80452404,76.20188507,30.49,,,,,,,
2434,80,0,85.20367594,76.60183797,30.49,,,,,,,
2444,3740,0,85,68.91957824,30.49,,,,,,,
2446,3750,0,86.695131,71.390262,30.49,,,,,,,
2450,5100,0,82.5410213,64.67589291,30.49,,,,,,,
2451,5300,0,81.49931434,63.72627621,30.49,,,,,,,
2454,3800,0,86.69225674,71.38451349,30.49,,,,,,,
2465,5321,0,81.91310554,63.95277146,30.49,,,,,,,
2539,14,0,82.12629885,74,30.49,,,,,,,
2935,1021,0,82.68606453,74.46684605,30.49,,,,,,,
2936,639,0,83.15031881,74.40321035,30.49,,,,,,,
2943,1104,0,83.00968207,74.89607708,30.49,,,,,,,
2953,1236,0,89.46983663,76.2670489,30.49,,,,,,,
2963,641,0,90.21156738,77.6829315,30.49,,,,,,,
2964,1244,0,89.68690066,76.2514277,30.49,,,,,,,
2965,625,0,90.85289595,77.926012,30.49,,,,,,,
3006,1181,0,89.67018433,76.26055721,30.49,,,,,,,
3008,1893,0,90.61633948,75.1244648,30.49,,,,,,,
3096,732,0,82.46498983,73.57380776,30.49,,,,,,,
3115,308.37,0,84.62880829,75.62880829,30.49,,,,,,,
3118,1089,0,81.35270532,72.35270532,30.49,,,,,,,
3122,1200,0,81.48748708,72.48748708,30.49,,,,,,,
3130,1097,0,80.80652528,72.07799566,30.49,,,,,,,
3136,1002,0,80.36894872,71.99192472,30.49,,,,,,,
3149,538,0,82.29394016,74.12195814,30.49,,,,,,,
3179,765,0,83.02658461,74.63073563,30.49,,,,,,,
3280,76,0,88.15798312,79.11009889,30.49,,,,,,,
3325,3333,0,84.57178227,68.57178227,30.49,,,,,,,
3456,4067,0,85,68.87747548,30.49,,,,,,,
3464,37,0,88.2453629,79.52385765,30.49,,,,,,,
3469,121,0,88.10744527,79.33597548,30.49,,,,,,,
3482,3178,0,86.26028042,71.84006138,30.49,,,,,,,
3483,3710,0,85.86031097,69.53922799,30.49,,,,,,,
3484,3596,0,85.96292193,69.91775348,30.49,,,,,,,
3485,3675,0,85.70461557,71.03146234,30.49,,,,,,,
3494,2652,0,87.19503141,72.39006282,30.49,,,,,,,
3602,3159,0,86.30108073,71.85082574,30.49,,,,,,,
3604,3205,0,86.25360526,71.9171141,30.49,,,,,,,
3609,637,0,87.68815231,77.80527506,30.49,,,,,,,
3630,664,0,87.08831175,77.4048771,30.49,,,,,,,
3631,103,0,88.63528981,79.62741157,30.49,,,,,,,
3644,6121,0,84.82150644,65.53519562,30.49,,,,,,,
3648,4230,0,85.79290728,65.88550147,30.49,,,,,,,
3775,1570,0,81.49047256,72.49428354,30.49,,,,,,,
3845,249,0,80.26660974,65.49619386,30.49,,,,,,,
3935,596,0,84.16562472,74.67161325,30.49,,,,,,,
3943,812,0,83.01255381,74.87221987,30.49,,,,,,,
3944,980,0,83.06799554,74.6183113,30.49,,,,,,,
3948,668,0,83.72131873,75,30.49,,,,,,,
4162,6943,0,80.67195206,62.09234854,30.49,,,,,,,
4259,1025,0,84.48456695,75.80863801,30.49,,,,,,,
4266,651,0,91.2645574,78,30.49,,,,,,,
4940,615,0,90.73702312,77.87222602,30.49,,,,,,,
4941,4381,0,79.37656581,62.94472715,30.49,,,,,,,
6001,176,0,88,78.81632807,30.49,,,,,,,
6002,321,0,87.64483405,77.64483405,30.49,,,,,,,
6004,637,0,83.70950066,75,30.49,,,,,,,
6008,954,0,96.84985126,75.95437859,30.49,,,,,,,
6009,311,0,90.87679652,79.3218058,30.49,,,,,,,
6015,260,0,87.05345349,77.52672674,30.49,,,,,,,
6018,516,0,85.12253795,76,30.49,,,,,,,
6019,499,0,85.14860236,76,30.49,,,,,,,
6020,624,0,83.11878972,74.37341411,30.49,,,,,,,
6021,6367,0,77.82384382,60.6342927,30.49,,,,,,,
6023,870,0,84.88906276,76,30.49,,,,,,,
6030,1973,0,84.47736324,69.92785305,30.49,,,,,,,
6031,527,0,85,76,30.49,,,,,,,
6036,642,0,87.09264107,76.25480677,30.49,,,,,,,
6040,735,0,82.64762988,73.64762988,30.49,,,,,,,
6041,538,0,85.26658943,76,30.49,,,,,,,
6051,124,0,88.39633015,79.64455627,30.49,,,,,,,
6052,782,0,86.99838745,76.61812527,30.49,,,,,,,
6068,1318,0,89.26212567,77.66906544,30.49,,,,,,,
6071,473,0,86.85339875,77.14884127,30.49,,,,,,,
6072,196,0,89.38188993,79.33156788,30.49,,,,,,,
6076,3252,0,85.30972562,66.03331986,30.49,,,,,,,
6081,238,0,82.99707681,74.01297379,30.49,,,,,,,
6085,666,0,85.30192386,76.30192386,30.49,,,,,,,
6090,968,0,83.34356785,74,30.49,,,,,,,
6094,732,0,82.64097988,73.64097988,30.49,,,,,,,
6103,692,0,82.05437286,73.80410149,30.49,,,,,,,
6105,204,0,85.29473995,76.29473995,30.49,,,,,,,
6112,4793,0,79.11356175,62.55678087,30.49,,,,,,,
6118,11,0,85.69750586,77,30.49,,,,,,,
6137,415,0,88.64046658,77.87974738,30.49,,,,,,,
6149,578,0,84,75,30.49,,,,,,,
6153,836,0,87.41460312,77.41460312,30.49,,,,,,,
6165,5677,0,84.72386996,65.43645992,30.49,,,,,,,
6166,400,0,88.26924859,77.73794194,30.49,,,,,,,
6170,687,0,84.95921423,75.61987639,30.49,,,,,,,
6177,5803,0,78.36003417,62.45729016,30.49,,,,,,,
6183,331,0,88.06809148,78.70343701,30.49,,,,,,,
6193,3566,0,85.95634094,69.9022336,30.49,,,,,,,
6194,3744.85,0,85.52857534,70.81907962,30.49,,,,,,,
6195,1262,0,88.00964626,76.92651589,30.49,,,,,,,
6204,4590,0,81.16440784,63.95623126,30.49,,,,,,,
6225,486,0,88.14278161,77.71110077,30.49,,,,,,,
6246,20,0,87.65229857,79,30.49,,,,,,,
6248,4313,0,78.9294384,62.4647192,30.49,,,,,,,
6250,530,0,86,76.17197211,30.49,,,,,,,
6254,700,0,87.0327031,76.98748535,30.49,,,,,,,
6257,500,0,88.5675415,77.5675415,30.49,,,,,,,
6264,590,0,84.7367973,75.34403211,30.49,,,,,,,
6285,496,0,73.24052935,61.24052935,30.49,,,,,,,
6358,1072,0,83.28647591,74,30.49,,,,,,,
6462,105,0,87.80177854,79.60355709,30.49,,,,,,,
6469,1920,0,84.24233566,69.58082449,30.49,,,,,,,
6481,4700,0,83.72217316,64.15866276,30.49,,,,,,,
6504,7,0,83.72217316,64.15866276,30.49,,,,,,,
6559,270,0,66.7071812,58.86968233,30.49,,,,,,,
6639,400,0,88.35734204,77.79533188,30.49,,,,,,,
6641,240,0,90.37891601,79.37891601,30.49,,,,,,,
6664,580,0,86.82149886,77.07161471,30.49,,,,,,,
6768,300,0,90,79,30.49,,,,,,,
6772,465,0,90,78.3310609,30.49,,,,,,,
6823,387,0,88.09714137,77.70751435,30.49,,,,,,,
7013,1178,0,90,76,30.49,,,,,,,
7030,420,0,90.34484922,77.68102745,30.49,,,,,,,
7210,173,0,89,78,30.49,,,,,,,
7213,380,0,86.60225509,76.60607708,30.49,,,,,,,
7238,73,0,87.00528983,79.57298998,30.49,,,,,,,
7266,83,0,91.98313333,69.89794486,30.49,,,,,,,
7294,94,0,86.99955373,79.50959278,30.49,,,,,,,
7296,990,0,89.00384663,77.10657372,30.49,,,,,,,
7307,523,0,87.98381632,67.90332139,30.49,,,,,,,
7314,99,0,81.1717886,75,30.49,,,,,,,
7350,281,0,89.94004552,65.49988078,30.49,,,,,,,
7368,3230,0,92.92903051,69.62410872,30.49,,,,,,,
7369,3262,0,92.928221,69.62364834,30.49,,,,,,,
7504,4422,0,83.12961112,65.03323277,30.49,,,,,,,
7513,444,0,80.68639246,72.31360754,30.49,,,,,,,
7527,18,0,93.46091785,70,30.49,,,,,,,
7546,1017,0,90.78913967,76,30.49,,,,,,,
7549,738,0,84.20328945,74.98463643,30.49,,,,,,,
7551,43,0,93.60088458,70,30.49,,,,,,,
7552,23,0,93.2189131,70,30.49,,,,,,,
7604,315,0,90,79,30.49,,,,,,,
7627,11,0,79.91201128,65.30400376,30.49,,,,,,,
7652,294,0,89,78,30.49,,,,,,,
7697,38,0,88,79.26639945,30.49,,,,,,,
7698,230,0,89.43473541,79,30.49,,,,,,,
7699,156,0,88,79.92547047,30.49,,,,,,,
7701,9,0,85.71680922,76.71680922,30.49,,,,,,,
7710,530,0,88.82100618,78.41050309,30.49,,,,,,,
7721,27,0,88.18397792,79.5412079,30.49,,,,,,,
7722,740,0,87.18912765,76.59456383,30.49,,,,,,,
7757,600,0,89.74424944,77.51045163,30.49,,,,,,,
7790,5040,0,80.83997855,62.44460645,30.49,,,,,,,
7805,320,0,88.3288843,78.3288843,30.49,,,,,,,
7826,735,0,86.78310021,76.36566491,30.49,,,,,,,
7834,600,0,85.96057839,75.97371893,30.49,,,,,,,
7845,310,0,90,79,30.49,,,,,,,
7846,80,0,88.77752923,79,30.49,,,,,,,
7870,15,0,75.42997818,65.03872384,30.49,,,,,,,
7887,1164,0,88.71808981,77,30.49,,,,,,,
7897,170,0,89.46759451,79,30.49,,,,,,,
7900,430,0,88.60469765,77.95905203,30.49,,,,,,,
7917,750,0,87.00303696,76.62474592,30.49,,,,,,,
7931,280,0,89.93904164,65.49882986,30.49,,,,,,,
7946,750,0,87.00381255,76.6261256,30.49,,,,,,,
7985,775,0,87.68377025,76.87176554,30.49,,,,,,,
7991,863,0,84,74.17579176,30.49,,,,,,,
7999,300,0,80.22690229,65.47508503,30.49,,,,,,,
8000,1352,0,88.50483137,77,30.49,,,,,,,
8011,305,0,85.10558024,76.10558024,30.49,,,,,,,
8031,1188,0,85.0662336,76,30.49,,,,,,,
8066,6670,0,75.53968961,57.95811943,30.49,,,,,,,
8068,1260,0,96.13861131,74.9979228,30.49,,,,,,,
8069,6460,0,84.80278651,65.5121744,30.49,,,,,,,
8073,13,0,78.67448647,65.50444572,30.49,,,,,,,
8102,567,0,84.75804983,75.3876587,30.49,,,,,,,
8219,5490,0,80.80948806,63.90270616,30.49,,,,,,,
8222,1960,0,84.19668446,69.55736112,30.49,,,,,,,
8223,6985,0,78.32782051,62.45572774,30.49,,,,,,,
8224,4460,0,87.4459698,62.24818284,30.49,,,,,,,
10002,1720,0,93.87294467,69.32563413,30.49,,,,,,,
10003,5636,0,79.72858161,62.86429081,30.49,,,,,,,
10012,581,0,85.07501192,75.8117493,30.49,,,,,,,
10013,820,0,83.76109776,74,30.49,,,,,,,
10030,40,0,85.02479141,76.93573791,30.49,,,,,,,
10034,176,0,74.53371317,64.51325315,30.49,,,,,,,
10043,9,0,85.83527952,76.83527952,30.49,,,,,,,
10052,24,0,68.81334831,61.97012011,30.49,,,,,,,
10062,3,0,86.36670541,79.14709035,30.49,,,,,,,
10071,12,0,87.63705491,78.4817943,30.49,,,,,,,
10090,142,0,81.25803618,70.61330215,30.49,,,,,,,
10099,14,0,85.84274513,76.84274513,30.49,,,,,,,
10113,1693,0,82.42886119,74.05316315,30.49,,,,,,,
10118,375,0,84.62231224,75.68490909,30.49,,,,,,,
10143,1895.73,0,80.72231044,72.10194916,30.49,,,,,,,
10151,1262.14,0,83.04614594,74.72686931,30.49,,,,,,,
10156,189,0,96.08954826,72.25496073,30.49,,,,,,,
10169,116,0,81.15647722,70.57821445,30.49,,,,,,,
10190,14,0,82.16274267,74,30.49,,,,,,,
10199,2489,0,92.93827432,69.62954789,30.49,,,,,,,
10250,58,0,86.35232507,80.64767493,30.49,,,,,,,
10287,4945,0,86.55211115,62.35310946,30.49,,,,,,,
10294,342,0,70.32690439,62.64698012,30.49,,,,,,,
10300,-175,0,90.52370087,74.07550477,30.49,,,,,,,
10308,55,0,86.27301716,76.58944386,30.49,,,,,,,
10342,11,0,81.12767806,66.75474191,30.49,,,,,,,
10343,1401,0,83.55295822,74.93742113,30.49,,,,,,,
10346,746,0,80.8283184,72.18743824,30.49,,,,,,,
10354,409,0,80.25241167,72.56468448,30.49,,,,,,,
10356,574,0,80.68551599,72.31448401,30.49,,,,,,,
10367,12,0,82.58217809,67.06575262,30.49,,,,,,,
10368,40,0,82.26611967,67.00217198,30.49,,,,,,,
10370,20,0,87.78624572,68.44503839,30.49,,,,,,,
10371,40,0,82.20562267,66.98189021,30.49,,,,,,,
10373,237,0,96.23351368,72.10199391,30.49,,,,,,,
10377,40,0,87.62916379,78.21896556,30.49,,,,,,,
10379,568,0,86,76.22092105,30.49,,,,,,,
10381,78,0,88.25895899,79,30.49,,,,,,,
10384,108,0,87.64758607,78.02191513,30.49,,,,,,,
10395,815,0,84.42726912,71.81667785,30.49,,,,,,,
10405,304,0,96.16219133,72.27628567,30.49,,,,,,,
10435,19,0,85.53915369,76.53915369,30.49,,,,,,,
10437,1946,0,94.97051957,70.98862266,30.49,,,,,,,
10438,1946,0,94.95245789,70.97281379,30.49,,,,,,,
10439,2510,0,93.93584754,68.7241566,30.49,,,,,,,
10440,2495,0,93.93463633,68.7175173,30.49,,,,,,,
10441,2494,0,93.91485758,68.74143819,30.49,,,,,,,
10442,2480,0,93.91348114,68.73284773,30.49,,,,,,,
10443,2468,0,93.9114433,68.72586242,30.49,,,,,,,
10444,2055,0,93.68787999,69.14311897,30.49,,,,,,,
10446,2086,0,93.69162391,69.10762155,30.49,,,,,,,
10469,1872,0,92.93236736,69.62614386,30.49,,,,,,,
10471,704,0,87.40785555,72.22199722,30.49,,,,,,,
10472,668,0,81.63419013,70.75965035,30.49,,,,,,,
10473,275,0,80.89673473,70.49897978,30.49,,,,,,,
10478,1229,0,79.00914555,65.42203377,30.49,,,,,,,
10495,455,0,80.30005898,72.44483412,30.49,,,,,,,
10502,120,0,87.53715198,68.65430224,30.49,,,,,,,
10525,31,0,87.77180935,79,30.49,,,,,,,
10566,4,0,85.89247456,76.89247456,30.49,,,,,,,
10603,2175,0,80.90704898,72.14906479,30.49,,,,,,,
10631,-215,0,93.58979854,77.21960467,30.49,,,,,,,
10632,-220,0,93.52646699,77.18667335,30.49,,,,,,,
10633,47,0,87.64004855,78.21180514,30.49,,,,,,,
10634,-224,0,93.50622517,77.16952693,30.49,,,,,,,
10640,20,0,93.80276774,69.93223896,30.49,,,,,,,
10641,2185,0,80.90487971,72.17683155,30.49,,,,,,,
10642,93,0,82.79471073,75.78934963,30.49,,,,,,,
10643,9,0,82.79471073,75.78934963,30.49,,,,,,,
10646,38,0,82.99300426,75,30.49,,,,,,,
10652,3228,0,89.33056592,66.95880478,30.49,,,,,,,
10670,23,0,88.45288466,79.72692552,30.49,,,,,,,
10671,430,0,89.64106727,77.82053363,30.49,,,,,,,
10672,10,0,87.29535709,79.2701581,30.49,,,,,,,
10673,3,0,84.28764753,76.14099959,30.49,,,,,,,
10678,650,0,83.28503132,73.88676591,30.49,,,,,,,
10682,4246,0,78.89605751,62.44802875,30.49,,,,,,,
10725,190,0,82.26745711,74.13372855,30.49,,,,,,,
10731,503,0,82.12323908,74.05004959,30.49,,,,,,,
10741,15,0,88.53108215,79.85252393,30.49,,,,,,,
10746,11,0,85.83379941,76.83379941,30.49,,,,,,,
10751,19,0,85.52855561,76.52855561,30.49,,,,,,,
10755,5526,0,81.82208127,63.60736042,30.49,,,,,,,
10759,-228,0,93.49926506,77.17309482,30.49,,,,,,,
10761,1925,0,94.96085217,70.44524461,30.49,,,,,,,
10763,38,0,94.96085217,70.44524461,30.49,,,,,,,
10764,83,0,67.60083609,61.29106111,30.49,,,,,,,
10765,148,0,80.72656069,72.27343931,30.49,,,,,,,
10766,229,0,80.76585123,72.23414877,30.49,,,,,,,
10767,301,0,96.02376253,72.0951106,30.49,,,,,,,
10768,728.71,0,93.84013188,70.38922461,30.49,,,,,,,
10769,637,0,94.54666413,70.90562945,30.49,,,,,,,
10771,48,0,87.63851696,78.21287247,30.49,,,,,,,
10772,142,0,94,70.26019948,30.49,,,,,,,
10773,547,0,86.23819288,75.71917899,30.49,,,,,,,
10774,18,0,87.35536046,78.67768023,30.49,,,,,,,
10777,4035,0,86.26811,63.85393595,30.49,,,,,,,
10784,3247,0,85.30905475,66.03240764,30.49,,,,,,,
10802,96,0,84.22848076,74.95311926,30.49,,,,,,,
10805,97,0,85.82941953,76.20751605,30.49,,,,,,,
10811,12,0,78.6497774,71.31982421,30.49,,,,,,,
10812,18,0,78.43353249,71.27812282,30.49,,,,,,,
10819,631,0,82.76401839,74.88200919,30.49,,,,,,,
10822,1255,0,81.42078661,72.71437911,30.49,,,,,,,
10836,38,0,93.63190937,70,30.49,,,,,,,
10837,163,0,95.76091689,72.04768035,30.49,,,,,,,
10838,1152,0,81.86982048,72.67689107,30.49,,,,,,,
10839,1065,0,80.37292672,72,30.49,,,,,,,
10840,320,0,95.67340773,71.48329445,30.49,,,,,,,
10850,2425,0,94.17312354,68.54993647,30.49,,,,,,,
10869,1321,0,88.50105664,65.87333982,30.49,,,,,,,
10873,4268,0,94.25860634,69.48793165,30.49,,,,,,,
10874,3975,0,95.64825026,70.59300105,30.49,,,,,,,
10875,4060,0,95.64666388,70.58665553,30.49,,,,,,,
10878,-230,0,93.47235006,77.15583081,30.49,,,,,,,
10879,-230,0,93.47591154,77.15844812,30.49,,,,,,,
50002,1018,0,83.19175814,74.28224196,30.49,,,,,,,
50066,3551,0,92.93816155,69.62943188,30.49,,,,,,,
50071,17,0,86.27864089,79.19402749,30.49,,,,,,,
50099,4162,0,89.97235227,65.95198655,30.49,,,,,,,
50109,523,0,90.31780392,78.3377289,30.49,,,,,,,
50127,1024,0,91.63451792,76.76330695,30.49,,,,,,,
50201,2142,0,84.88779733,75.25853155,30.49,,,,,,,
50202,592,0,81.52253516,73.65921816,30.49,,,,,,,
50208,1055,0,80.38770105,72,30.49,,,,,,,
50210,-219,0,93.52950858,77.1890206,30.49,,,,,,,
50215,498,0,85.32806487,76.32806487,30.49,,,,,,,
50225,41,0,80.06258853,72.03201969,30.49,,,,,,,
50271,47,0,87.45769003,79.28067587,30.49,,,,,,,
50273,62,0,83.34522807,74.23340358,30.49,,,,,,,
50277,1199,0,80.17092139,72.17092139,30.49,,,,,,,
50279,928,0,81.14078218,72.98085143,30.49,,,,,,,
50292,115,0,82.6158221,75.69684682,30.49,,,,,,,
50293,94,0,93.71917734,70.41074118,30.49,,,,,,,
50385,10,0,85.85853194,76.16882343,30.49,,,,,,,
50407,22,0,88,79.32092519,30.49,,,,,,,
50431,870,0,84,75.37092716,30.49,,,,,,,
50451,596,0,80.42784565,72.90415868,30.49,,,,,,,
50458,518,0,81.90009224,73.90009224,30.49,,,,,,,
50472,581,0,81.51643508,73.65472928,30.49,,,,,,,
50497,7,0,85.80102501,76.18533304,30.49,,,,,,,
50541,10,0,82.07068959,70.95757919,30.49,,,,,,,
50555,168,0,87.3005148,77.9753691,30.49,,,,,,,
50558,1246,0,89.29407798,76.18082057,30.49,,,,,,,
50561,13,0,85.67969564,76.67969564,30.49,,,,,,,
50572,10,0,85.67969564,76.67969564,30.49,,,,,,,
50611,1284,0,83.85689283,75.14097418,30.49,,,,,,,
50629,100,0,87.26272429,79.26272429,30.49,,,,,,,
50630,186,0,84.89791319,67.16094719,30.49,,,,,,,
50632,349,0,90.90494832,69.7475481,30.49,,,,,,,
50648,207,0,83.62602478,74.75625325,30.49,,,,,,,
50649,63,0,82.32713151,75.56863829,30.49,,,,,,,
50650,1166,0,80.60957717,72.39042283,30.49,,,,,,,
50651,401,0,82.54888498,73.77444249,30.49,,,,,,,
50654,4738,0,82.54888498,73.77444249,30.49,,,,,,,
50657,346,0,86.7183224,76.97247437,30.49,,,,,,,
50658,185,0,87.84409543,78,30.49,,,,,,,
50664,80,0,82.6915325,75,30.49,,,,,,,
50666,47,0,88,80.03807983,30.49,,,,,,,
50676,4679,0,78.751762,62.375881,30.49,,,,,,,
50707,5001,0,79.40912151,62.70456075,30.49,,,,,,,
50739,463,0,80.95942414,72.3304556,30.49,,,,,,,
50744,467,0,81.41512497,73.20756249,30.49,,,,,,,
50748,26,0,81.59391695,67.22994552,30.49,,,,,,,
50760,4069,0,85.45177388,61.48893072,30.49,,,,,,,
50762,47,0,94.71684147,77.92206859,30.49,,,,,,,
50764,52,0,94.72775586,77.93395086,30.49,,,,,,,
50766,42,0,94.75204181,77.96023961,30.49,,,,,,,
50770,1256,0,81.5122415,73.23924023,30.49,,,,,,,
50771,633,0,82.53963957,74.28755005,30.49,,,,,,,
50772,811,0,80.89444391,72.56801337,30.49,,,,,,,
50774,115,0,87.21588194,79.78411806,30.49,,,,,,,
50776,1069,0,82.56510247,74.11213624,30.49,,,,,,,
50799,99,0,84.91307761,76.29748654,30.49,,,,,,,
50815,37,0,88.27483033,79.60702653,30.49,,,,,,,
50835,603,0,81.9624858,73.54928541,30.49,,,,,,,
50837,7,0,82.13385258,70.99107196,30.49,,,,,,,
50850,640,0,88.62744279,72.49978713,30.49,,,,,,,
50852,41,0,85.80059794,76.60268057,30.49,,,,,,,
50858,39,0,88,79.87142159,30.49,,,,,,,
50859,349,0,85.26639599,76.26639599,30.49,,,,,,,
50872,540,0,81.88562265,72.67801215,30.49,,,,,,,
50873,288,0,82.37089769,73.3143043,30.49,,,,,,,
50875,3,0,88,79.86377441,30.49,,,,,,,
50876,117,0,82.09816491,70.91550834,30.49,,,,,,,
50877,63,0,84.08615354,74.73234271,30.49,,,,,,,
50878,498,0,81.16056051,73.5952132,30.49,,,,,,,
50879,1498,0,82.4504,74.0645957,30.49,,,,,,,
50881,485,0,89.66770297,68.63316313,30.49,,,,,,,
50883,50,0,82.00909332,75,30.49,,,,,,,
50884,8,0,88,80.38079858,30.49,,,,,,,
50885,14,0,85.63264184,76.63264184,30.49,,,,,,,
50888,335,0,84.23110794,75.23110794,30.49,,,,,,,
50921,3517,0,85.76180624,62.19527055,30.49,,,,,,,
50951,6494,0,84.62756272,65.35018538,30.49,,,,,,,
50964,4032,0,86.26734275,63.85321285,30.49,,,,,,,
50966,54,0,87.85757621,78.08111752,30.49,,,,,,,
50974,1396,0,80.96719788,72.67374646,30.49,,,,,,,
50976,32,0,86.9086029,79.56017512,30.49,,,,,,,
50978,410,0,82.57261409,73.78630705,30.49,,,,,,,
51026,496,0,80.41288262,72,30.49,,,,,,,
51030,526,0,81.66766233,74.20140767,30.49,,,,,,,
52007,350,0,86.53516644,76.97828047,30.49,,,,,,,
52010,19,0,87.86792451,79.86718861,30.49,,,,,,,
52015,3482,0,87.64546594,62,30.49,,,,,,,
52026,151,0,81.39385184,74.6373715,30.49,,,,,,,
52028,682,0,81.39385184,74.6373715,30.49,,,,,,,
52056,93,0,82.79460655,75.789619,30.49,,,,,,,
52088,12,0,87.69512561,79.87803648,30.49,,,,,,,
52118,670,0,86.23606779,75.71856203,30.49,,,,,,,
52158,1883,0,92.94501601,69.63324605,30.49,,,,,,,
52174,3983,0,85.21058306,61.50810391,30.49,,,,,,,
52176,2484,0,88.00291199,73.26547596,30.49,,,,,,,
54015,582,0,86.29764641,72.04054728,30.49,,,,,,,
54033,10,0,86.49812088,79.49812088,30.49,,,,,,,
54034,19,0,82.10759422,74,30.49,,,,,,,
54035,95,0,87.30969214,78.30969214,30.49,,,,,,,
54038,38,0,94.47311623,78.12982411,30.49,,,,,,,
54041,625,0,80.77435471,73.13115743,30.49,,,,,,,
54056,48,0,82.06693678,74.67172996,30.49,,,,,,,
54076,1421,0,79.19718941,71.74125821,30.49,,,,,,,
54081,52,0,87.83569114,78.09388648,30.49,,,,,,,
54114,14,0,82.14795057,76,30.49,,,,,,,
54131,575,0,80.86557541,73.20887903,30.49,,,,,,,
54144,1340,0,80.08696257,72.1612899,30.49,,,,,,,
54219,3134,0,89.15029312,66.83597271,30.49,,,,,,,
54268,104,0,77.23170832,65.20127988,30.49,,,,,,,
54271,1813,0,94.3719345,70.15847592,30.49,,,,,,,
54304,105,0,87.79874745,78,30.49,,,,,,,
54324,529,0,81.664397,74.1985698,30.49,,,,,,,
54349,1847,0,95.13478648,70.53499001,30.49,,,,,,,
54350,2414,0,94.9709366,70.43710203,30.49,,,,,,,
54365,126,0,87.70443481,79.3474456,30.49,,,,,,,
54415,1300,0,81.56832468,73.223935,30.49,,,,,,,
54423,86,0,87,79,30.49,,,,,,,
54424,82,0,88,79.99070261,30.49,,,,,,,
54426,147,0,88,79.92621172,30.49,,,,,,,
54466,95,0,86.73075312,79.09042552,30.49,,,,,,,
54468,5069,0,89.31519122,67.50059999,30.49,,,,,,,
54469,161,0,89.64420052,67.85017504,30.49,,,,,,,
54476,51,0,76.30347657,65.11700034,30.49,,,,,,,
54526,1088,0,81,73,30.49,,,,,,,
54529,112,0,87.67289492,79.34130333,30.49,,,,,,,
54537,192,0,75.80461428,65.07294967,30.49,,,,,,,
54547,270,0,81.52999282,73.42500057,30.49,,,,,,,
54561,45,0,82.22667291,67.41708898,30.49,,,,,,,
54579,4161,0,85.53917834,63.257211,30.49,,,,,,,
54592,256,0,80.33499192,72.62951826,30.49,,,,,,,
54593,896,0,80.20641266,72.69409656,30.49,,,,,,,
54626,1071,0,94.42396223,70.813391,30.49,,,,,,,
54627,11,0,86.31608244,79.31608244,30.49,,,,,,,
54634,1417,0,82.40697458,74.03710767,30.49,,,,,,,
54646,10,0,84.31452701,76.13432922,30.49,,,,,,,
54658,148,0,87.64187153,79.32622971,30.49,,,,,,,
54676,5,0,87.94111205,79.7714,30.49,,,,,,,
54689,-3,0,87.94111205,79.7714,30.49,,,,,,,
54693,431,0,85.35943294,76.35943294,30.49,,,,,,,
54694,130,0,95.31926665,77.87419484,30.49,,,,,,,
54724,46,0,94.71969258,77.92502544,30.49,,,,,,,
54746,19,0,85.72199985,76.72199985,30.49,,,,,,,
54749,634,0,82.06605686,71.29107256,30.49,,,,,,,
54751,754,0,82.39496062,74.26556893,30.49,,,,,,,
54755,99,0,87.30843448,78.30843448,30.49,,,,,,,
54758,112,0,82.46699441,74.48480981,30.49,,,,,,,
54761,562,0,90.20382541,65.46870971,30.49,,,,,,,
54805,257,0,82.69060841,74.49652707,30.49,,,,,,,
54817,850,0,91.32402474,78,30.49,,,,,,,
54832,213,0,87.28429406,77.58127885,30.49,,,,,,,
54852,1076,0,80.67903031,72.32096969,30.49,,,,,,,
54915,633,0,81.8550156,73.92994413,30.49,,,,,,,
54974,736,0,84,75.46495177,30.49,,,,,,,
54996,-229,0,93.47957817,77.16087593,30.49,,,,,,,
55010,812,0,83.52348391,74,30.49,,,,,,,
55011,810,0,84.41355291,74.78272639,30.49,,,,,,,
55040,317,0,88.9215452,78,30.49,,,,,,,
55041,180,0,83.70194652,74.40757991,30.49,,,,,,,
55043,685,0,85.62867974,75.51182693,30.49,,,,,,,
55047,25,0,88.45651257,79.73956953,30.49,,,,,,,
55062,363,0,88.28292045,79.28292045,30.49,,,,,,,
55063,215,0,90.44310488,79.44310488,30.49,,,,,,,
55065,3504,0,86.67085846,72,30.49,,,,,,,
55068,55,0,80.91984639,72.08015361,30.49,,,,,,,
55075,205,0,90.96722019,79.05439239,30.49,,,,,,,
55076,580,0,90,79,30.49,,,,,,,
55079,610,0,81.82127508,73.67401409,30.49,,,,,,,
55086,25,0,88.77059933,80.62039666,30.49,,,,,,,
55087,670,0,82.86288903,74.83351167,30.49,,,,,,,
55090,2725,0,84.04610761,64.3824262,30.49,,,,,,,
55097,540,0,90.33495415,78.33588764,30.49,,,,,,,
55098,115,0,88.59515984,80.29757992,30.49,,,,,,,
55107,360,0,82.00199596,74.73841811,30.49,,,,,,,
55120,8,0,87.69203901,80.44607715,30.49,,,,,,,
55123,90,0,88.60414891,80.30207446,30.49,,,,,,,
55124,2495,0,89.84829372,68.05229499,30.49,,,,,,,
55126,52,0,81.99848661,75,30.49,,,,,,,
55129,1370,0,94.90650848,74.39745763,30.49,,,,,,,
55131,633,0,84.6392156,76,30.49,,,,,,,
55132,370,0,89.37151484,79,30.49,,,,,,,
55137,564,0,86.92817596,77.2268399,30.49,,,,,,,
55146,605,0,90.72511227,77.86791086,30.49,,,,,,,
55151,970,0,91.88002425,68.38369316,30.49,,,,,,,
55153,685,0,86.90404821,77.18311125,30.49,,,,,,,
55168,560,0,88.49438344,77.92026208,30.49,,,,,,,
55170,300,0,83.74392613,73.9245436,30.49,,,,,,,
55172,470,0,91.43953844,77.81013408,30.49,,,,,,,
55173,40,0,87.7176402,79.77093785,30.49,,,,,,,
55174,650,0,85.24035994,76,30.49,,,,,,,
55176,300,0,90,79,30.49,,,,,,,
55177,458,0,95.26214638,70.92553582,30.49,,,,,,,
55178,950,0,89.6508211,78,30.49,,,,,,,
55179,2184,0,83.59682065,64.26688233,30.49,,,,,,,
55182,1420,0,86.68083711,67.89470694,30.49,,,,,,,
55187,40,0,88.25362544,79.58254483,30.49,,,,,,,
55188,602,0,86.77399045,76.97477806,30.49,,,,,,,
55193,345,0,84.5812277,75.5812277,30.49,,,,,,,
55197,340,0,89.84455826,79,30.49,,,,,,,
55200,5270,0,79.81057717,62.90528858,30.49,,,,,,,
55206,20,0,88.478663,80.37672088,30.49,,,,,,,
55215,2872,0,87.10874988,72.21749976,30.49,,,,,,,
55216,530,0,84.63772108,76,30.49,,,,,,,
55217,15,0,82.5503512,67.05917797,30.49,,,,,,,
55218,340,0,89.74837466,78.91612489,30.49,,,,,,,
55220,330,0,90,79,30.49,,,,,,,
55221,250,0,90.88134577,79.51326485,30.49,,,,,,,
55223,470,0,91.38635095,78,30.49,,,,,,,
55225,720,0,90.39844587,77.84895708,30.49,,,,,,,
55226,332,0,91.18816032,78.40591984,30.49,,,,,,,
55230,1090,0,91.26362117,78,30.49,,,,,,,
55231,20,0,85.86122649,76.86122649,30.49,,,,,,,
55239,34,0,86.27309604,76.589516,30.49,,,,,,,
55241,4,0,88,79.31502146,30.49,,,,,,,
55245,690,0,87.18311438,78,30.49,,,,,,,
55259,591,0,85.23026967,76,30.49,,,,,,,
55269,300,0,90.81233262,79.81233262,30.49,,,,,,,
55270,970,0,84.08577178,75.90280265,30.49,,,,,,,
55271,500,0,89.42663037,79,30.49,,,,,,,
55282,880,0,96.83909996,75.97271379,30.49,,,,,,,
55292,585,0,87.25696485,77.25696485,30.49,,,,,,,
55293,618,0,87.29884854,77.29884854,30.49,,,,,,,
55294,95,0,80.18850122,72.09978125,30.49,,,,,,,
55295,336,0,96.21352474,77.95960684,30.49,,,,,,,
55297,595,0,84.72742758,75.69760562,30.49,,,,,,,
55298,10,0,85.72746177,76.72746177,30.49,,,,,,,
55299,24,0,88.4448035,79.72031026,30.49,,,,,,,
55302,4808,0,83.37254624,64.27274923,30.49,,,,,,,
55306,703,0,96.81871287,75.97383617,30.49,,,,,,,
55309,5,0,87.79313716,80.79313716,30.49,,,,,,,
55320,1020,0,91.25772994,78,30.49,,,,,,,
55327,20,0,88.18766863,79.70067734,30.49,,,,,,,
55328,618,0,90.07921474,65.3990333,30.49,,,,,,,
55333,21,0,82.34919356,67.01961717,30.49,,,,,,,
55334,615,0,87.70668469,78,30.49,,,,,,,
55337,500,0,84.7542053,75.7542053,30.49,,,,,,,
55340,240,0,90.1084397,79.1084397,30.49,,,,,,,
55343,4383,0,85,68.71465455,30.49,,,,,,,
55357,68,0,88.19208586,79.68670889,30.49,,,,,,,
55358,14,0,87.61823751,80.24886814,30.49,,,,,,,
55364,482,0,86.13081361,77.88206675,30.49,,,,,,,
55369,456,0,82.27011334,76.13540013,30.49,,,,,,,
55372,1129,0,96.79664883,76.07001951,30.49,,,,,,,
55380,175,0,90.27572532,79.29425188,30.49,,,,,,,
55382,710,0,87.62132807,76.81066404,30.49,,,,,,,
55386,139,0,88.86327284,78,30.49,,,,,,,
55393,245,0,80.28212938,66.81746809,30.49,,,,,,,
55397,850,0,84.47384101,75.2369205,30.49,,,,,,,
55400,1330,0,88.01921898,68.34931998,30.49,,,,,,,
55404,15,0,88.2368012,80.2368012,30.49,,,,,,,
55406,75,0,88.7814418,79.47822704,30.49,,,,,,,
55411,570,0,88.92639441,78.60676511,30.49,,,,,,,
55412,147,0,87.64269557,79.32663653,30.49,,,,,,,
55418,245,0,90.73839579,79.34308806,30.49,,,,,,,
55439,395,0,87.37270976,77.37270976,30.49,,,,,,,
55440,390,0,89.42716803,79,30.49,,,,,,,
55451,520,0,90.37383937,79.37383937,30.49,,,,,,,
55455,885,0,96.84951922,75.94991703,30.49,,,,,,,
55457,1204,0,89.38882085,76.31791124,30.49,,,,,,,
55463,1020,0,89.98867884,76.48036206,30.49,,,,,,,
55464,25,0,88.4688324,79.76287061,30.49,,,,,,,
55467,84,0,90.71472938,80.42945877,30.49,,,,,,,
55480,386,0,91.32155832,78,30.49,,,,,,,
55481,884,0,96.849652,75.94969291,30.49,,,,,,,
55501,675,0,90,77.87025812,30.49,,,,,,,
55502,491,0,85,76,30.49,,,,,,,
55503,900,0,84.74314155,75.49148452,30.49,,,,,,,
55516,1075,0,83.02522743,74.62623494,30.49,,,,,,,
55518,2855,0,90.7889847,68.40550606,30.49,,,,,,,
55545,88,0,88.60166794,80.30083397,30.49,,,,,,,
55598,927,0,83.61717447,74,30.49,,,,,,,
55611,668,0,83.33473823,74.44267338,30.49,,,,,,,
55620,81,0,90.74227816,80.48455633,30.49,,,,,,,
55641,765,0,84,74.87059259,30.49,,,,,,,
55656,1075,0,88.50966832,65.69339202,30.49,,,,,,,
55661,65,0,82.10801334,73.94813438,30.49,,,,,,,
55664,280,0,90,79,30.49,,,,,,,
55667,275,0,84.72619909,75.72619909,30.49,,,,,,,
55694,575,0,90,79,30.49,,,,,,,
55700,15,0,80.29575587,65.87955659,30.49,,,,,,,
55710,758,0,82.22298681,73.22298681,30.49,,,,,,,
55714,350,0,90.77221423,79.38987881,30.49,,,,,,,
55736,555,0,85.13750445,75.79789193,30.49,,,,,,,
55749,2890,0,84.66677054,65.15352101,30.49,,,,,,,
55801,18,0,85.83334676,76.83334676,30.49,,,,,,,
55818,407,0,79.50496814,65.08113508,30.49,,,,,,,
55821,70,0,86.47472994,79.16944208,30.49,,,,,,,
55835,4980,0,79.40662894,62.70331447,30.49,,,,,,,
55853,1446,0,90.39141389,71.64702422,30.49,,,,,,,
55927,21,0,88.87381676,79.58405074,30.49,,,,,,,
55952,1921,0,94.96435691,70.44709831,30.49,,,,,,,
55965,750,0,87.00241624,76.62358158,30.49,,,,,,,
55970,152,0,93.68135985,70,30.49,,,,,,,
55977,5289,0,81.88170396,63.93561629,30.49,,,,,,,
55983,-230,0,93.47203508,77.15564004,30.49,,,,,,,
55984,-218,0,93.53637348,77.19316716,30.49,,,,,,,
55985,770,0,82.10126425,71.30487083,30.49,,,,,,,
55990,645,0,82.51948852,73.78211456,30.49,,,,,,,
55991,4129,0,85.29586632,61.52373652,30.49,,,,,,,
56006,1363,0,87.21735386,77.21735386,30.49,,,,,,,
56026,38,0,81.89554864,67.32386513,30.49,,,,,,,
56031,670,0,83.19393874,74.0971684,30.49,,,,,,,
56038,125,0,86.77262464,77.41505407,30.49,,,,,,,
56041,191,0,80.72868436,70.41595691,30.49,,,,,,,
56046,563,0,80.57961163,70.36737261,30.49,,,,,,,
56078,88,0,91.98348489,70.08141695,30.49,,,,,,,
56104,800,0,83.63431677,74.57394982,30.49,,,,,,,
56150,60,0,88.8495332,79.55269783,30.49,,,,,,,
56164,1008,0,83.47137286,74.40094475,30.49,,,,,,,
56177,4569,0,84.94122452,65.78095585,30.49,,,,,,,
56188,63,0,82.33104227,75.56987565,30.49,,,,,,,
56224,4652,0,86.48318819,62.33437021,30.49,,,,,,,
56227,13,0,78.67822905,65.50512388,30.49,,,,,,,
56237,4508,0,84.97167286,65.79004042,30.49,,,,,,,
56259,18,0,82.10778594,74,30.49,,,,,,,
56298,90,0,93.7752188,70,30.49,,,,,,,
56349,2865,0,87.10565674,72.21131347,30.49,,,,,,,
56350,96,0,88.08714808,79.66667773,30.49,,,,,,,
56356,573,0,89.17766463,72.2244048,30.49,,,,,,,
56400,18,0,87.57638508,79.99548234,30.49,,,,,,,
56405,1786,0,94.29064196,70.07713023,30.49,,,,,,,
56407,13,0,86.20956154,79.20956154,30.49,,,,,,,
56456,245,0,90.20274322,79.20274322,30.49,,,,,,,
56565,175,0,90,79,30.49,,,,,,,
56616,6051,0,79.10625825,63.12308935,30.49,,,,,,,
56643,710,0,83.76379693,74,30.49,,,,,,,
56706,240,0,95.21168346,71.7043354,30.49,,,,,,,
56707,145,0,94.36789797,71.03604235,30.49,,,,,,,
56833,2275,0,88.21543411,79.71590539,30.49,,,,,,,
56848,552,0,85,75.78669709,30.49,,,,,,,
56880,2275,0,85,75.78669709,30.49,,,,,,,
56943,440,0,94.12373034,70.59187049,30.49,,,,,,,
57119,755,0,83.58776302,74,30.49,,,,,,,
57134,4735,0,83.58776302,74,30.49,,,,,,,
57140,1134,0,83.58776302,74,30.49,,,,,,,
57154,-135,0,95.26333741,78.44038664,30.49,,,,,,,
57172,2052,0,95.26333741,78.44038664,30.49,,,,,,,
57323,2320,0,89.9748373,66.02313591,30.49,,,,,,,
57564,362,0,96.02331408,72.11968669,30.49,,,,,,,
57584,395,0,79.7871379,70.82592724,30.49,,,,,,,
57684,3441,0,79.7871379,70.82592724,30.49,,,,,,,
621,4,0,87.58884695,79.70072986,30.49,,,,,,,
167,250,0,90.92310746,79.72092527,30.49,,,,,,,
603,18,0,87.14816581,77.65222401,30.49,,,,,,,
762,1015,0,90.78939399,76,30.49,,,,,,,
1447,185,0,90,79,30.49,,,,,,,
4151,4324,0,83.75491763,67.12568224,30.49,,,,,,,
6013,558,0,80.5751556,70.36562695,30.49,,,,,,,
6558,84,0,89.56567169,79.93085033,30.49,,,,,,,
10621,394,0,82.52680704,73.76340352,30.49,,,,,,,
50111,4971,0,85.05712779,62.97654044,30.49,,,,,,,
50498,51,0,84.07855675,74.77171947,30.49,,,,,,,
50968,32,0,73.50547554,64.13722185,30.49,,,,,,,
54640,37,0,86.59218537,77,30.49,,,,,,,
54744,412,0,87.58818969,78.44821747,30.49,,,,,,,
