Plant.Code,Elevation,Pond_Area,Tdb,Twb,nwT
3,20.56,1000000,88.4,80.70317348,30.49
7,515.97,1000000,88.8,78,30.49
8,277.51,1000000,88.4,78.5,30.49
10,99.91,1000000,90.2,79.8,30.49
26,422.3,1000000,89.05389131,78.83247513,30.49
46,572.89,1000000,88.54262305,78.40568485,30.49
47,457.75,1000000,89.1,78.7,30.49
50,623.9,1000000,88.9,77.8,30.49
51,244.12,1000000,89.62050661,79,30.49
56,45.04,1000000,89.24702596,79.44020934,30.49
59,1867.22,1000000,88.02768518,74.99079651,30.49
60,1902.65,1000000,88.07506764,75.00073091,30.49
79,427.64,1000000,76.5,63,30.49
87,6884.12,1000000,79.3757684,62.51768759,30.49
96,75.86,1000000,70.38831634,60.88536591,30.49
108,2918.28,1000000,88.30561281,70.90968836,30.49
113,5024.88,330.3413368,81.27172585,66.51548998,30.49
116,1174,1000000,96.68488697,75.06482624,30.49
117,1052.93,1000000,96.65957508,75.28778524,30.49
118,1910.4,1000000,88.9,72.5,30.49
120,120.81,1000000,95.17238764,77.85301666,30.49
126,2608.97,1000000,87.78565693,71.2098752,30.49
127,1221.95,1000000,91.14378078,76.39770714,30.49
130,82.13,1000000,87.83979351,78.42682415,30.49
136,79.7,1000000,88.33952764,79,30.49
141,1134.68,1000000,96.3335461,75.30324108,30.49
143,1165.88,1000000,96.4,76.1,30.49
147,1193.57,1000000,96.59249497,75.02244662,30.49
160,4196.03,1000000,85.60070051,70.11482179,30.49
165,621.78,1000000,89.96800465,77.7259636,30.49
167,249.88,1000000,91.7,80.2,30.49
168,213.24,1000000,91.1,80.2,30.49
169,301.08,1000000,91.2,79.7,30.49
170,329.99,1000000,91.7,80.2,30.49
173,184.79,1000000,91.1,80.2,30.49
201,375.97,1000000,90.88329372,78.47381014,30.49
202,209.19,1000000,91.1,81.1,30.49
203,112.07,1000000,91.8,80.4,30.49
204,719.73,1000000,89.6,79.3,30.49
207,11.33,1000000,87.26568437,79.35336055,30.49
210,1100,5140.330863,89.9,78.3,30.49
228,5.67,1000000,93.2,70.3,30.49
246,6.4,1000000,97.5,72,30.49
247,12.55,1000000,79.1,66.7,30.49
259,23.8,1000000,82.6,67.4,30.49
260,31.5,1000000,77.8,65.5,30.49
271,5.84,1000000,91.74996744,69.98168782,30.49
273,12.76,1000000,79.1,66.7,30.49
298,455.87,1000000,90.29513098,78.5727703,30.49
302,17.79,1000000,76.6,70.3,30.49
310,12.01,1000000,81.8,71.2,30.49
312,705.59,177.8372155,86.7,79.8,30.49
315,13.68,1000000,83.8,72.5,30.49
329,1962.88,1000000,88.4,69.8,30.49
330,18.34,1000000,78,70.2,30.49
331,1121.39,1000000,91.55720386,72.71795745,30.49
334,943.38,1000000,93.8,73.5,30.49
335,2.02,1000000,86.7,73.7,30.49
341,-15.47,1000000,83.8,72.5,30.49
345,12,1000000,76.1,70.1,30.49
350,7.31,1000000,76.1,70.1,30.49
356,16.13,1000000,78.8,70.2,30.49
358,1110.1,1000000,93.26854717,72.72050387,30.49
360,16.46,1000000,83.7,71.8,30.49
371,446.94,1000000,92.46742551,66.82453838,30.49
375,565.6,1000000,90.4,73.4,30.49
377,467.3,1000000,80.61977058,70.38175943,30.49
384,514.27,1000000,87.6010359,77.98118699,30.49
389,-48.12,1000000,95.55687402,78.66373602,30.49
399,12.48,1000000,83.8,72.5,30.49
400,14.17,1000000,83.8,72.5,30.49
404,38.08,1000000,78,70.2,30.49
408,925.09,1000000,80.61144929,70.38132411,30.49
420,755.13,1000000,81.02201726,70.53264165,30.49
422,760.26,1000000,90.4,73.4,30.49
460,4664.89,4.877886949,85,67.3,30.49
462,5353.71,1000000,78.3,63.3,30.49
465,5263.82,1000000,81.8,64.6,30.49
468,4778.28,1000000,85.4,65.5,30.49
469,5130.88,1000000,79.85626369,62.92813185,30.49
470,4835.07,1000000,83.90389756,66.65300255,30.49
477,5229.21,530.9580939,81.8,64.6,30.49
478,5194.74,1000000,81.8,64.6,30.49
492,5958.05,1000000,79.59423103,63.0934637,30.49
493,6169.53,1000000,79.54872247,63.06505882,30.49
511,6029.72,1000000,85,67.3,30.49
525,6514.53,1000000,77.71034752,60.67067475,30.49
527,5570.33,1000000,82.3517251,64,30.49
533,189.19,1000000,88,79,30.49
544,7.66,1000000,83,76,30.49
546,5.45,1000000,85.2,76.2,30.49
548,8.39,1000000,83,76,30.49
550,1447.18,1000000,83.99571408,63.99571408,30.49
562,24.8,1000000,84.95279258,76.45560196,30.49
563,25.37,1000000,85.7,77.2,30.49
564,75.94,1000000,86.47828373,79.16877991,30.49
566,20.79,1000000,85.2,76.2,30.49
568,9.97,1000000,83,76,30.49
589,114.64,1000000,80.03401016,72,30.49
593,9.19,1000000,87.3,78,30.49
594,8.78,1000000,87.15351682,78.23973009,30.49
599,36.34,1000000,85.03313711,76.92341329,30.49
602,33.52,1000000,86.28742442,77.13623552,30.49
603,17.44,1000000,89.1,78.6,30.49
609,11.52,1000000,87.5,80.5,30.49
610,14.18,1000000,87.7,80.3,30.49
612,9.7,1000000,88.3,80.4,30.49
613,7,1000000,88,81.2,30.49
617,16.77,1000000,88,81.2,30.49
619,7.68,1000000,87.7,80.1,30.49
620,15.79,1096.607715,88.3,78.4,30.49
621,5.69,1000000,87.58884695,79.70072986,30.49
628,9.37,1000000,87.8867776,79.37115835,30.49
634,0.6,1000000,87.2,80.9,30.49
638,72.02,1000000,89.8,80.4,30.49
641,18.06,1000000,88.4,81.15409914,30.49
642,89.09,1000000,89.3,79.7,30.49
643,12.61,1000000,87.17335696,81.60090194,30.49
645,7.27,1000000,87.2,80.9,30.49
646,6.94,1000000,87.2,80.9,30.49
647,0,1000000,87.9,80.5,30.49
649,213.81,1000000,89,78.34402414,30.49
658,3.5,1000000,88,80.3,30.49
663,184.27,1000000,87.53750559,79,30.49
664,142.8,1000000,87.25933568,79,30.49
666,9.41,1000000,88.5,80.3,30.49
667,9.23,1000000,88.5,80.3,30.49
668,9.68,1000000,88.5,80.5,30.49
672,62.84,1000000,87.6,79.6,30.49
673,23,1000000,86.11756298,79.11756298,30.49
675,133.06,1000000,87.9,80.5,30.49
676,135.78,1000000,87.57003347,80.35911498,30.49
683,10.86,1000000,87.5,80.5,30.49
688,135.23,1000000,87.79704993,79.20295007,30.49
689,9.01,1000000,89.11146387,80.21123882,30.49
693,0.48,1000000,88.01810647,80.39023147,30.49
699,333.39,1000000,90.5,79.1,30.49
700,777.63,1000000,88.8,77.5,30.49
703,726.34,1000000,87.08676767,76.43782816,30.49
708,587.66,1000000,89.8,78.1,30.49
709,363.95,1000000,90.5,79.1,30.49
710,776.52,1000000,86.49268768,76.08033375,30.49
715,11.36,1000000,89.6,80.1,30.49
727,176.57,1000000,90.4,79.7,30.49
728,745.2,1000000,86.91456889,76.48244384,30.49
733,9.59,1000000,89.6,80.2,30.49
734,17.57,1000000,88.4,81.1,30.49
748,60.18,1000000,88,80.3,30.49
753,240,1000000,90.4,79.7,30.49
762,1016.8,1000000,93.4,79,30.49
764,5.55,1000000,84.8,77.2,30.49
765,21.43,1000000,85.7,77.6,30.49
766,5.11,1000000,84.8,77.2,30.49
772,55.48,1000000,81.1491738,76.0186993,30.49
856,461.66,1000000,89,79.3,30.49
861,615.78,71.33497386,90.49049523,80.01900954,30.49
862,363.11,1000000,90.5,80.3,30.49
863,453.7,1000000,88.9,79.6,30.49
864,452.55,1000000,89.1,78.6,30.49
867,589.88,1000000,88.3,78,30.49
869,518.29,1160.060402,87.56313681,77.97150637,30.49
874,514.54,1000000,87.2,77.7,30.49
876,599.23,1000000,89.7,79.4,30.49
879,463.74,1455.171686,89,79.3,30.49
880,594.19,1000000,87,78.5,30.49
883,585.43,1000000,87.3,77.4,30.49
884,586.68,1000000,88.3,78,30.49
886,585.36,1000000,88.3,78,30.49
887,348.74,1000000,90.5,80.3,30.49
889,439.03,1982.549307,90.4,80.2,30.49
891,459.55,1000000,89.28325171,79.17713303,30.49
892,464.4,1000000,89,79.3,30.49
897,703.31,1000000,89.1,79.8,30.49
898,434.93,1000000,90.8,79.4,30.49
913,407.96,1000000,90.3,80.4,30.49
934,451.8,1000000,90.4,80.2,30.49
955,460.02,1000000,87.2,77.7,30.49
961,793.38,1000000,87.8,78.2,30.49
963,581.75,1000000,89.62125464,79.37486166,30.49
964,565.69,1000000,89.7,79.4,30.49
972,580.75,1000000,89.9,77.7,30.49
976,516.96,1000000,90.5,80.3,30.49
981,585.19,1000000,88.3,78,30.49
983,463.95,1000000,88.6,78.4,30.49
988,489.85,1000000,87.1,77.3,30.49
990,683.89,1000000,87.60931343,78.32233404,30.49
991,616.55,1000000,87.56790266,78.69382959,30.49
992,686.93,1000000,87.60280995,78.31874286,30.49
994,434.02,1000000,88.94101303,79.25220295,30.49
995,615.65,1000000,88.3,78,30.49
996,586.67,1000000,88.3,78,30.49
997,588.96,1000000,88.02243168,77.65795014,30.49
1001,505.34,1000000,88.9,79.6,30.49
1004,459.87,1000000,86.7,78.9,30.49
1007,785.37,1000000,85.62449226,76.81224613,30.49
1008,454.48,1000000,89.1,78.7,30.49
1010,482.98,1000000,88.9,79.6,30.49
1012,390.95,1000000,89.8,79.4,30.49
1016,93.95,1000000,88.07326906,78.07326906,30.49
1024,675.54,1000000,88.7,78.8,30.49
1032,604.58,1000000,89,79.2,30.49
1037,643.89,1000000,89,79.2,30.49
1040,991.75,1000000,84.59497515,75.59497515,30.49
1043,434.11,1000000,88.96312424,79.25571274,30.49
1046,594.34,1000000,86,77.6,30.49
1047,638.08,1000000,87.9,78,30.49
1048,589.16,1000000,87,78.5,30.49
1058,728.02,1000000,87.4,78.6,30.49
1060,756.96,1000000,85.27020591,76.13510295,30.49
1073,724.15,1000000,87.4,78.6,30.49
1077,860.26,1000000,85.93944929,76.31314977,30.49
1081,568.42,1000000,89.7,79.1,30.49
1082,980.36,1000000,89.56761227,78.96254418,30.49
1091,1077.99,1000000,88.6,78.6,30.49
1104,534.6,1000000,89.1,78.6,30.49
1122,920.72,1000000,86.64546404,76.43660381,30.49
1131,859.64,1000000,87.7704246,78.5278984,30.49
1167,550.83,1000000,89.7,79.1,30.49
1175,877.51,1000000,89.1,77.8,30.49
1206,1332.76,1000000,88,77,30.49
1217,1342.44,1000000,86.63969946,75.67760901,30.49
1218,560.69,1000000,89.7,79.1,30.49
1230,2605,1000000,88.65967202,71.23645963,30.49
1233,2458.7,1000000,90,73.13799691,30.49
1235,1920.36,1000000,92.5,77.4,30.49
1239,818.52,1000000,90.4,78.5,30.49
1240,1380.8,1000000,90,76,30.49
1241,850.53,1000000,90,79,30.49
1242,1304.92,1000000,90,76,30.49
1243,856.48,1000000,90.4,78.5,30.49
1248,1605.87,1000000,90,76,30.49
1250,841.64,1000000,88.82859672,77.62595248,30.49
1252,877.8,1000000,88.8111378,77.77226896,30.49
1270,1202.65,1000000,91.6,78.4,30.49
1271,731.56,1000000,89.97860502,77.68626107,30.49
1291,946.32,1000000,89.9,78.3,30.49
1294,722.53,1000000,91.4,79.7,30.49
1295,755.12,1000000,91.4,79.7,30.49
1299,2002.77,1000000,92.5,77.4,30.49
1305,1486.43,1000000,92.5,77.4,30.49
1317,1873.23,1000000,90,75.03537046,30.49
1330,1217.19,1000000,90,76,30.49
1336,2847.69,1000000,88.35207602,70.98840797,30.49
1353,565.74,1000000,84.2522616,75.18762721,30.49
1355,878,1000000,86.56893,76.56893,30.49
1356,488.85,1000000,85.70750278,76.47166852,30.49
1357,402.15,1000000,90,79.4,30.49
1360,977,1000000,87.7,77.1,30.49
1361,519.83,1000000,87.3,77.3,30.49
1363,459.66,1000000,88.79024214,78.49221458,30.49
1364,454.58,1000000,88.72760711,78.4437429,30.49
1372,346.14,1000000,90,79.4,30.49
1374,406.68,1000000,89.8,79.4,30.49
1378,419.6,1000000,89.18919044,79.0862488,30.49
1379,344.93,1000000,90.5,80.3,30.49
1381,406.66,1000000,89.8,79.4,30.49
1382,425.74,1000000,88.35871891,77.79580583,30.49
1383,426.26,1000000,90,79.4,30.49
1384,811.19,1000000,88.75604064,77.53188701,30.49
1385,614,1000000,91,78.1,30.49
1393,19.58,1000000,87.32634802,80.02188497,30.49
1394,21.14,1000000,89,80.3,30.49
1396,51.22,1000000,89.6,80.8,30.49
1400,13.76,1000000,88.93087161,80.57607559,30.49
1402,13.87,1000000,88.7,80.7,30.49
1403,11.7,1000000,88.7,80.7,30.49
1404,86.88,1000000,91.1,81.1,30.49
1407,-4.47,1000000,89.5,81.4,30.49
1409,-0.33,1000000,89.5,81.4,30.49
1416,179.11,35.63461316,91.13560178,79.54617758,30.49
1417,196.87,1000000,91.5,79.5,30.49
1439,9.22,1000000,88.09146194,80.71536222,30.49
1443,40.15,1000000,89,80.7,30.49
1447,185.22,1000000,90,79,30.49
1449,6.15,1000000,88.33819694,80.33819694,30.49
1450,127.68,1000000,89.6,80.8,30.49
1455,20.45,1000000,88.17709477,80.17709477,30.49
1458,280.48,1000000,91.1,81.1,30.49
1464,36.98,1000000,87.84015224,79.68030447,30.49
1496,28.64,1000000,82.6,73.5,30.49
1507,19.37,1000000,83,73.9,30.49
1552,4.16,1000000,88.6,78.1,30.49
1553,8.49,1000000,88.6,78.1,30.49
1554,11.21,1000000,88.6,78.1,30.49
1559,10.45,1000000,88.6,78.1,30.49
1564,8.11,1000000,86.40574404,77.44860745,30.49
1570,355.47,1000000,91,79.4,30.49
1571,9.41,1000000,89.46153404,78.69070209,30.49
1572,267.75,1000000,91,79.4,30.49
1573,16.54,1000000,89.2,79.4,30.49
1588,10.48,1000000,86.3,76.2,30.49
1589,12.54,1000000,86.3,76.2,30.49
1590,22.21,1000000,84.2,76,30.49
1595,9.28,1000000,83.40504456,74.40504456,30.49
1599,10.67,1000000,81,75.6,30.49
1606,118.8,1000000,86.7,76.3,30.49
1613,26.73,1000000,83.5,75.7,30.49
1619,14.35,1000000,84.31307501,75.91271607,30.49
1626,14.95,1000000,86.3,76.2,30.49
1642,62.9,1000000,86.7,76.3,30.49
1660,14.31,1000000,86.8,76.9,30.49
1682,14.5,1000000,84.25643382,76.04658541,30.49
1695,586.15,1000000,82.6,75.6,30.49
1702,576.8,1000000,85.67092919,76.4191436,30.49
1710,598.82,1000000,84.6,76.5,30.49
1715,589.88,1000000,84.72501515,75.69799932,30.49
1720,584.2,1000000,85.8,76.4,30.49
1723,580.45,1000000,86.9,77.2,30.49
1726,579.45,1000000,86.5,76.9,30.49
1729,582.95,1000000,84,75,30.49
1731,580.83,1000000,85.6,76.4,30.49
1732,596.57,1000000,85.6,76.4,30.49
1733,580.87,1000000,84.5,78.2,30.49
1740,574.57,1000000,86.5,76.9,30.49
1743,582.42,1000000,85.6,76.4,30.49
1745,581.92,1000000,84.5,78.2,30.49
1769,605.58,1000000,85,76.4,30.49
1771,588.2,1000000,85,76.4,30.49
1772,607.19,1000000,83.4,74.5,30.49
1822,580.82,1000000,86.5,76.9,30.49
1825,581.58,1000000,82.6,75.6,30.49
1830,582.86,1000000,84.6,76.5,30.49
1831,831.11,1000000,85.3452384,76.43060798,30.49
1832,882.14,1000000,83.49157165,75.26043184,30.49
1843,611.48,1000000,85,76.4,30.49
1866,574.99,1000000,84.5,78.2,30.49
1880,694.76,1000000,84.6,76.5,30.49
1888,1243.09,1000000,84.8,76.7,30.49
1891,1449.81,1000000,81.4,72.7,30.49
1893,1295.08,1000000,83.28098343,75.00647421,30.49
1897,609.07,1000000,83.4,76.6,30.49
1904,704.6,1000000,87.5,76.9,30.49
1912,701.25,1000000,86.6,77.3,30.49
1915,690.56,1000000,86.31369804,77.58263464,30.49
1918,896.51,1000000,86.4,76.5,30.49
1922,931.49,1000000,86.4,76.5,30.49
1925,695.13,1000000,86.62967616,77.21284399,30.49
1926,676.87,1000000,86.6,77.3,30.49
1927,822.1,1000000,87.1,77.1,30.49
1934,778.86,1000000,83.63559289,74.57592456,30.49
1943,1201.29,1000000,85.52157947,75.61570953,30.49
1960,1197.17,1000000,84.6,76.8,30.49
1961,1210.92,1000000,84.6,76.8,30.49
1973,1181.16,1000000,84.8,76.7,30.49
1979,1481.15,1000000,79.66325569,70.55172514,30.49
1980,1038.6,1000000,83.28339065,74,30.49
1990,1447.18,1000000,87.6,77.4,30.49
2001,850.14,1000000,83.68383312,74.57615873,30.49
2003,1134.62,1000000,84.8,76.7,30.49
2008,986.12,1000000,84.6,76.8,30.49
2018,1434,45.1032218,81.4,72.7,30.49
2022,1130.63,1000000,84.32326732,74.28378105,30.49
2039,849.64,1000000,87.1,77.1,30.49
2046,144.97,1000000,90,78.4,30.49
2048,286.3,1000000,90,79,30.49
2049,16.98,1000000,90.034604,82.97218249,30.49
2050,104.16,1000000,90.2,79.8,30.49
2051,141.04,580.1369364,91.8,80.4,30.49
2052,185.11,1000000,89.3,80.4,30.49
2053,362.4,374.1025218,90.2,79.8,30.49
2059,169.57,1000000,90.71980495,79.37136138,30.49
2062,128.86,1000000,90.30257374,79,30.49
2063,131.19,1000000,90.2,79.8,30.49
2067,107.11,1000000,90.24387244,79.48774488,30.49
2070,207.73,1000000,89.02059379,78.67353126,30.49
2076,944.84,26.51631176,89.9368133,78.21344558,30.49
2079,741.67,1000000,91.4,79.7,30.49
2080,753.33,1000000,90,79,30.49
2094,724.97,1000000,91.4,79.7,30.49
2098,811.49,1000000,90.3,79.5,30.49
2103,491.28,1000000,90.8,79.9,30.49
2104,417.14,1000000,90.3,80.4,30.49
2107,445.06,1000000,90.8,79.4,30.49
2123,765.47,1000000,87.37530832,77.23848741,30.49
2132,781.56,1000000,89.5668182,78,30.49
2144,783.21,1000000,88.63874792,77.70601436,30.49
2161,1161.32,1000000,88.92653704,77.55836774,30.49
2167,297.07,1000000,90.5,80.3,30.49
2168,733,1000000,89.4,79.1,30.49
2169,531.87,1000000,89.1,79.4,30.49
2171,731.71,1000000,91.4,79.7,30.49
2187,3105.13,1000000,85.4,66.4,30.49
2226,2365.93,1000000,89.2,77.3,30.49
2236,1311.18,1000000,90.8,78.2,30.49
2240,1179.48,1000000,88.26172619,77,30.49
2241,1843.98,1000000,89.2,77.3,30.49
2244,1932,1000000,89.2,77.3,30.49
2277,1444.14,1000000,88.59970127,77,30.49
2289,1001.08,1000000,88.7,77.4,30.49
2291,985.28,1000000,89.7,79,30.49
2322,1686.95,1000000,94.28416612,70.12593555,30.49
2324,1583.44,1000000,94.20896247,69.9918723,30.49
2326,1697.81,1000000,95,72.5,30.49
2330,4316.89,181.029398,89.2,64,30.49
2336,4271.93,33.44016931,89.2,64,30.49
2341,704.46,1000000,96.3,72.6,30.49
2364,207.74,1000000,84.7,74.7,30.49
2367,18.75,1000000,84.5,75.5,30.49
2378,10.42,1000000,87.28257547,78.05397674,30.49
2384,8.19,1000000,87.3,78,30.49
2388,21.69,1000000,87.8,78.8,30.49
2390,-2.1,1000000,88.8,77.7,30.49
2393,150.84,1000000,84.78078719,75.78078719,30.49
2398,9.68,1000000,85.79986952,76.6720195,30.49
2399,12.42,1000000,88.8,78.7,30.49
2403,7.15,1000000,88.8,77.7,30.49
2404,7.84,1000000,88.8,77.7,30.49
2406,9.63,1000000,85.80452404,76.20188507,30.49
2408,16.8,1000000,88.9,77.5,30.49
2410,10.12,1000000,87.3,78,30.49
2411,7.94,1000000,88.8,77.7,30.49
2434,80.89,1000000,87.1,78,30.49
2442,5330.8,1372.789798,82.4,65.3,30.49
2444,3734.53,1000000,85,68.91957824,30.49
2446,3751.04,1000000,86.695131,71.390262,30.49
2450,5088.76,1000000,82.5410213,64.67589291,30.49
2451,5303.04,1000000,81.49931434,63.72627621,30.49
2454,3810.47,1000000,86.69225674,71.38451349,30.49
2465,5320.31,1000000,81.91310554,63.95277146,30.49
2468,6656.63,1000000,85,67.3,30.49
2475,5121.76,1000000,82.5,65.3,30.49
2480,7.04,1000000,87.4,76.8,30.49
2490,12.5,1000000,88.8,77.7,30.49
2491,1.49,1000000,87.2,77.2,30.49
2493,6.44,1000000,87.2,77.2,30.49
2497,80.93,1000000,84.6,76,30.49
2500,11.08,1000000,87.2,77.2,30.49
2502,17.75,1000000,87.2,77.2,30.49
2511,7.68,1000000,84.3,77,30.49
2513,9.01,1000000,84.3,77,30.49
2514,14.36,1000000,87.2,77.2,30.49
2516,13.96,1000000,85,77,30.49
2517,10.02,1000000,83.6,76.7,30.49
2526,836.02,1000000,80.9,72.7,30.49
2527,456.1,1000000,84.9,75.2,30.49
2529,903.61,1000000,84.9,75.2,30.49
2535,395.91,1000000,84.9,75.2,30.49
2539,15.57,1000000,82.12629885,74,30.49
2549,571.62,1000000,83.9,75.5,30.49
2554,580.55,1000000,80,72.4,30.49
2589,261.3,1000000,84.25658168,75.09425584,30.49
2594,253.02,1000000,84.8,75.4,30.49
2625,8.65,1000000,85.4,76.6,30.49
2629,3.72,1000000,84.6,76,30.49
2640,474.03,1000000,84.5,75.5,30.49
2642,250.33,1000000,84.5,75.5,30.49
2682,1313.84,1000000,80.32927,72.77045438,30.49
2706,2170.48,1000000,83.3,74.2,30.49
2708,173.25,1000000,89.3,78.3,30.49
2709,83.61,551.8016013,90.1,79.8,30.49
2712,426.7,1000000,88.62576205,77.74110021,30.49
2713,10.13,1173.493444,89,80.3,30.49
2716,128.93,216.4828091,90,79.3,30.49
2718,588.32,1000000,88.4,77.1,30.49
2720,633.84,1000000,87.49341416,76.95252897,30.49
2721,688.71,1000000,87.60948617,76.78220891,30.49
2723,514.93,1000000,87.88696369,77.29918992,30.49
2727,770.07,1000000,86.1,76.2,30.49
2732,668.43,1000000,88.4,77.1,30.49
2790,1659.11,1000000,85.8,74.3,30.49
2801,1497.51,1000000,85.4,75.4,30.49
2817,1702.56,1000000,85.8,74.3,30.49
2823,1959.78,1000000,85.8,74.3,30.49
2824,1687.83,1000000,85.8,74.3,30.49
2828,669.85,1000000,84.03814198,74.45775242,30.49
2830,484.21,1000000,88,77.9,30.49
2832,490.55,1000000,87.35239002,77.4850593,30.49
2835,578.27,1000000,82.6,75.3,30.49
2836,592.5,1000000,85.6,76.3,30.49
2837,611.36,1000000,85.6,76.3,30.49
2838,579.16,1000000,85.6,76.3,30.49
2840,742.89,1000000,86.04568917,76.45524279,30.49
2843,695.42,1000000,86.7,79.8,30.49
2848,699.62,1000000,87.1,77.5,30.49
2850,530.55,1000000,87.31203881,77.52294441,30.49
2857,576.72,1000000,85.6,76.3,30.49
2861,869.6,1000000,84.7,75.1,30.49
2864,660.22,1000000,83,73.5,30.49
2866,680.17,1000000,84.8,75.2,30.49
2867,659.06,1000000,84.8,75.2,30.49
2872,644.73,1000000,86.44807412,77.36299804,30.49
2876,577.41,1000000,86.7,77.3,30.49
2877,592.63,1000000,86.9,77.2,30.49
2878,580.75,1000000,86.9,77.2,30.49
2908,568.51,1000000,85.6,76.3,30.49
2914,875.5,1000000,84.6,75.4,30.49
2917,591.61,1000000,88,77.9,30.49
2935,1020.42,1000000,82.68606453,74.46684605,30.49
2936,641.61,1000000,83.15031881,74.40321035,30.49
2937,858.72,1000000,86.2,76.5,30.49
2942,848.51,1000000,86.2,76.5,30.49
2943,1103.43,1000000,84.6,75.8,30.49
2951,1077.78,336.1439528,90.87387548,77.87423464,30.49
2952,514.39,1000000,92.19182566,78.67687578,30.49
2953,1237.88,1000000,89.46983663,76.2670489,30.49
2956,932.33,1000000,90.8,78.2,30.49
2963,640.98,1000000,90.21156738,77.6829315,30.49
2964,1244.19,1000000,89.68690066,76.2514277,30.49
2965,624.15,1000000,90.85289595,77.926012,30.49
3000,916.24,1000000,93.4,79,30.49
3006,1180.31,1000000,89.67018433,76.26055721,30.49
3008,1890.77,1000000,90.61633948,75.1244648,30.49
3096,732.19,1000000,82.46498983,73.57380776,30.49
3098,751.59,1000000,84.9,75.2,30.49
3113,297.05,1000000,86.3,76.7,30.49
3115,195.13,1000000,87.5,77.2,30.49
3118,1088.26,1000000,81.35270532,72.35270532,30.49
3122,1198.91,1000000,81.48748708,72.48748708,30.49
3130,1097.25,1000000,80.80652528,72.07799566,30.49
3131,1056.34,1000000,83.9,74.7,30.49
3132,1184.69,1000000,80,72.4,30.49
3136,1001.13,1000000,80.36894872,71.99192472,30.49
3138,779.41,1000000,83.5,74.6,30.49
3140,282.28,1000000,87.7,78,30.49
3148,234.49,1000000,87.49913532,77.13764424,30.49
3149,536.76,1000000,82.29394016,74.12195814,30.49
3152,445.91,1000000,86.8,76.5,30.49
3159,106.79,1000000,88.6,77.7,30.49
3160,10.36,1000000,88.5,78.3,30.49
3161,9.66,1000000,88.5,78.3,30.49
3166,120.85,1000000,87.28404064,77.5609773,30.49
3169,17.55,1000000,88.5,78.3,30.49
3176,523.06,1000000,84,75,30.49
3178,832.18,1000000,83.5,74.6,30.49
3179,794.32,1000000,83,73.5,30.49
3181,756.4,1000000,84.9,75.2,30.49
3182,758.38,1000000,84.9,75.2,30.49
3236,11.51,1000000,85.2,76.5,30.49
3251,225.13,1000000,90.4,79.5,30.49
3264,682.37,1000000,87.33999056,76.58160812,30.49
3265,796.15,1000000,88.2,77,30.49
3280,75.08,1000000,89.1,80.5,30.49
3287,200.11,1000000,90,78.4,30.49
3295,143.7,1000000,91.1,79.4,30.49
3297,109.55,1000000,89.47132469,78.61330739,30.49
3298,10.4,1000000,89.21394848,80.1848273,30.49
3317,18.08,319.0840769,90.4,79.5,30.49
3319,24.31,1000000,89.1,80.5,30.49
3325,3331.01,1000000,86.1,70.9,30.49
3334,1320.35,1000000,87.6,77.4,30.49
3393,238.9,1000000,91.1,80.2,30.49
3396,792.83,1000000,87.7,77.1,30.49
3399,435.44,1000000,89.3,79.8,30.49
3403,465.91,1000000,88.7,78.2,30.49
3405,1109.63,1000000,85.21402189,75.32569559,30.49
3406,391.21,1000000,89.3,79.8,30.49
3407,763.68,1000000,87.7,77.1,30.49
3419,730.2,1000000,87.7,77.1,30.49
3436,19.22,1000000,87.9,80.2,30.49
3438,125.53,1000000,90.9,80.4,30.49
3439,421.82,1000000,91.7,79,30.49
3440,69.57,1000000,89.4,80.9,30.49
3441,10.82,1000000,89.4,80.9,30.49
3442,38.96,1000000,91,81.3,30.49
3443,55.3,1000000,87.68964485,80.26939392,30.49
3452,455.93,1000000,92.7,79.5,30.49
3453,472.71,1000000,91.9,78.6,30.49
3454,507.42,1000000,91.4,78.6,30.49
3455,414.78,1000000,92.7,79.5,30.49
3456,4065.69,1000000,85,68.87747548,30.49
3457,275.21,923.8828984,88.2,80.3,30.49
3459,7.84,1000000,88.05018088,81.51836692,30.49
3460,17.21,1000000,88.6,82,30.49
3461,15.46,1000000,89,80.5,30.49
3464,35.5,1000000,88.2453629,79.52385765,30.49
3466,11.79,1000000,88.6,82,30.49
3468,12,1000000,88.6,82,30.49
3469,117.47,1000000,88.10744527,79.33597548,30.49
3470,71.01,2352.329666,88.86163071,80.92088713,30.49
3471,16.17,1000000,88.6,82,30.49
3476,288.68,1000000,90.1,79,30.49
3477,282.86,1000000,90.1,79,30.49
3478,298.39,607.2886259,90.79424665,79.26040891,30.49
3482,3172.52,1000000,86.26028042,71.84006138,30.49
3483,3706.34,1000000,86.1,71.1,30.49
3484,3592.27,1000000,85.96292193,69.91775348,30.49
3485,3671.15,1000000,85.70461557,71.03146234,30.49
3489,673.1,1000000,91.8,78.5,30.49
3490,1075.08,1000000,92,77.7,30.49
3491,563.13,1000000,91.8,78.5,30.49
3492,2082.12,1000000,90.9,77,30.49
3493,538.56,1000000,91.8,78.5,30.49
3494,2655.71,1000000,87.1,73.2,30.49
3497,321.99,1000000,91.6,78.7,30.49
3500,641.45,1000000,92.3,78.5,30.49
3502,411.95,1000000,91.6,78.7,30.49
3503,333.45,1000000,91.2,79.7,30.49
3504,304.63,1000000,89.6,78.8,30.49
3506,451.96,1000000,91.6,78.7,30.49
3507,283.97,682.5120516,91.9,78.4,30.49
3508,620.75,1000000,92.3,78.5,30.49
3521,1498.66,1000000,92,77.7,30.49
3523,2027.62,1000000,90.9,77,30.49
3524,1442.76,1000000,89,75.4,30.49
3526,2290.31,1000000,87.1,73.2,30.49
3527,1877.67,1000000,88.6,75.1,30.49
3548,563.98,1000000,89.9,79.1,30.49
3549,442.16,1000000,89.9,79.1,30.49
3559,34.09,1000000,88.69660184,80.77791104,30.49
3561,340.59,1000000,90.9,79.9,30.49
3574,514.39,1000000,92.7,79.5,30.49
3576,520.73,1000000,92.3,78.5,30.49
3601,455.61,1000000,89.9,79.1,30.49
3602,3155.7,1000000,86.30108073,71.85082574,30.49
3604,3200.84,1000000,86.25360526,71.9171141,30.49
3609,635.89,1000000,86.8,79.4,30.49
3610,617.1,1000000,89.5,79.3,30.49
3611,492.04,1000000,89.5,79.3,30.49
3612,514,1308.90447,89.5,79.3,30.49
3613,755.18,1000000,88,78,30.49
3627,903.24,1000000,92.3,79.3,30.49
3628,886.02,1000000,92.3,79.3,30.49
3630,663.12,1000000,87.08831175,77.4048771,30.49
3631,102.02,1000000,88.63528981,79.62741157,30.49
3644,6115.15,1000000,84.82150644,65.53519562,30.49
3648,4226.22,1000000,85.79290728,65.88550147,30.49
3686,4572.13,1000000,87,66.4,30.49
3751,251.38,1000000,81.3,73.2,30.49
3775,1502.71,1000000,81.49047256,72.49428354,30.49
3776,1544.73,1000000,84.1,74.3,30.49
3788,31.89,1000000,89.1,78.6,30.49
3796,223.04,1000000,87.4,78.4,30.49
3797,28.33,1000000,89.4,78.6,30.49
3803,9.91,1000000,88.5,79,30.49
3804,34.58,1000000,89.3264828,79.12574474,30.49
3806,26.21,1000000,90.6,79.7,30.49
3809,12.01,1000000,90.6,79.7,30.49
3845,223.97,1000000,80.26660974,65.49619386,30.49
3935,592.39,1000000,84.16562472,74.67161325,30.49
3936,623.3,1000000,86.3,76.7,30.49
3938,587.74,1000000,86.3,76.8,30.49
3942,1218.9,1000000,83,73.5,30.49
3943,810.71,1000000,83.01255381,74.87221987,30.49
3944,977.72,1000000,83.06799554,74.6183113,30.49
3945,875.77,1000000,83,73.5,30.49
3946,632.89,1000000,86.3,76.8,30.49
3947,651.18,1000000,83,73.5,30.49
3948,667.71,1000000,83.72131873,75,30.49
3954,3263.07,1000000,87.4,78.4,30.49
3982,605.4,1000000,83.4,76.6,30.49
3992,850.44,1000000,86.4,77.1,30.49
4005,647.65,1000000,87.9,78,30.49
4040,590.29,1000000,80.2,76.7,30.49
4041,594.07,1000000,86.9,77,30.49
4042,585.21,1000000,86.9,77,30.49
4046,602.81,1000000,82.5,74.6,30.49
4048,736.98,1000000,87.8,78.2,30.49
4050,592.3,1000000,80.2,76.7,30.49
4054,621.82,1000000,86,77.6,30.49
4057,750.11,1000000,87.8,78.2,30.49
4072,583.85,1000000,85,76.4,30.49
4078,1181.12,1000000,83.53166546,74.5744597,30.49
4125,603.86,1000000,82.5,74.6,30.49
4127,746.24,1000000,85.6,77.6,30.49
4140,674.8,1000000,84.6,76.8,30.49
4143,640.83,1000000,87.9,78,30.49
4146,620.03,1000000,86,77.6,30.49
4151,4318.78,1000000,86.1,70.9,30.49
4158,4946.16,1000000,82.67867241,64.57164804,30.49
4162,6935.19,1000000,80.67195206,62.09234854,30.49
4195,551.28,238.67507,92.3,78.5,30.49
4259,1027.11,1000000,84.48456695,75.80863801,30.49
4266,651.57,1000000,91.2645574,78,30.49
4270,18.44,1000000,88.7,80.7,30.49
4271,677.13,1000000,84.6,76.8,30.49
4937,852.1,1000000,88.9,78.5,30.49
4938,1636.52,1000000,89,75.4,30.49
4939,19.03,1000000,88.5,82.3,30.49
4940,614.29,1000000,90.73702312,77.87222602,30.49
4941,4373.7,1000000,79.37656581,62.94472715,30.49
6000,609.27,1000000,86.8,77.4,30.49
6001,176.08,1000000,88,78.81632807,30.49
6002,304.28,1000000,87.64483405,77.64483405,30.49
6004,634.14,1000000,83.70950066,75,30.49
6008,953.12,1000000,96.84985126,75.95437859,30.49
6009,310.36,1000000,90.87679652,79.3218058,30.49
6011,43.79,1000000,88.6,78.2,30.49
6013,562.63,1000000,90.4,73.4,30.49
6014,20.64,1000000,89,80.3,30.49
6015,260.14,1000000,87.05345349,77.52672674,30.49
6016,575.32,1000000,89,79.3,30.49
6017,543.76,274.3172534,88.9,79.6,30.49
6018,515.12,1000000,85.12253795,76,30.49
6019,509.29,1000000,85.14860236,76,30.49
6020,619.21,1000000,83.11878972,74.37341411,30.49
6021,6357.88,1000000,77.82384382,60.6342927,30.49
6022,600.3,2547.580426,87.2,77.7,30.49
6023,872.42,1000000,84.88906276,76,30.49
6025,523,1970.22891,87.2,77.7,30.49
6026,707.29,2072.611257,87.2,77.7,30.49
6030,1971.61,1000000,84.47736324,69.92785305,30.49
6031,532.56,1000000,85,76,30.49
6034,590.76,1000000,85.6,76.4,30.49
6035,756.96,209.5640281,85.6,76.4,30.49
6036,593.57,1000000,87.09264107,76.25480677,30.49
6038,759.28,1000000,88.4,77.1,30.49
6040,735.16,1000000,82.64762988,73.64762988,30.49
6041,536.6,1000000,85.26658943,76,30.49
6042,53.03,4049.374051,87.2,80.9,30.49
6043,30.9,6600.12,87.87397729,80.40990133,30.49
6045,0.33,1000000,88,80.3,30.49
6051,124.15,1000000,88.39633015,79.64455627,30.49
6052,728.31,1000000,86.99838745,76.61812527,30.49
6055,37.6,1000000,89.04762798,80.40440964,30.49
6056,3.28,1000000,82.2,77.4,30.49
6061,259.75,1000000,89.8014733,79.63888683,30.49
6064,752.72,1000000,91.4,79.7,30.49
6065,786.26,1000000,91.05027801,79.67335584,30.49
6068,1300.76,1000000,89.26212567,77.66906544,30.49
6071,473.97,1000000,86.85339875,77.14884127,30.49
6072,132.43,1000000,89.38188993,79.33156788,30.49
6073,23.01,1260.237597,89.1975467,81.74850558,30.49
6076,3245.18,1000000,85.30972562,66.03331986,30.49
6077,3116.54,3229.348352,89.2,77.3,30.49
6081,238.34,1000000,82.99707681,74.01297379,30.49
6082,291.39,1000000,83.9,75.5,30.49
6085,664.16,1000000,85.30192386,76.30192386,30.49
6089,1928.01,1000000,84.4,73.6,30.49
6090,965.39,1000000,83.34356785,74,30.49
6094,731.07,1000000,82.64097988,73.64097988,30.49
6095,934.74,5590.307836,93.4,79,30.49
6096,923.11,1000000,90.0669411,78.96561186,30.49
6098,1134.99,346.5869428,85.4,75.4,30.49
6099,107.63,1000000,82.6,67.4,30.49
6103,712.44,1000000,82.05437286,73.80410149,30.49
6105,215.83,1000000,85.29473995,76.29473995,30.49
6106,695.2,1074.13437,94.5,72.1,30.49
6110,271.17,1000000,84.8,75.4,30.49
6112,4793.94,1000000,79.11356175,62.55678087,30.49
6113,408.36,2946.869973,89.8,79.4,30.49
6115,20.62,1000000,84.5,75.5,30.49
6118,11.89,1000000,85.69750586,77,30.49
6122,269.95,1000000,84.5,75.5,30.49
6124,51.29,1000000,89.6,80.2,30.49
6127,435.69,1000000,90,78.4,30.49
6136,285.63,1000000,90.9,79.9,30.49
6137,415.31,1000000,88.64046658,77.87974738,30.49
6138,1161.03,1000000,89.4,76.9,30.49
6139,347.67,1184.95272,90.85261012,79.37595041,30.49
6145,810.52,1000000,92.3,79.3,30.49
6146,311.64,1000000,90.1,79,30.49
6147,378.71,1000000,90.1,79,30.49
6149,585.25,1000000,84,75,30.49
6152,705.88,1000000,88.9,77.8,30.49
6153,840.58,1000000,87.41460312,77.41460312,30.49
6155,409.55,1000000,90.3,80.4,30.49
6156,9.32,1000000,83,76,30.49
6165,5658.91,1000000,84.72386996,65.43645992,30.49
6166,399.19,1000000,88.26924859,77.73794194,30.49
6168,271.73,9.563037742,89.2,79.4,30.49
6170,686.6,1000000,84.95921423,75.61987639,30.49
6177,5796.4,1000000,78.36003417,62.45729016,30.49
6178,100.48,1000000,87.9,80.2,30.49
6179,358.27,2387.020267,90.9,79.9,30.49
6180,433.94,1000000,90.9,79.9,30.49
6181,491.96,1000000,89.5,79.3,30.49
6183,330.25,1000000,88.06809148,78.70343701,30.49
6190,111.99,1000000,89.6,80.8,30.49
6193,3562.53,1000000,85.95634094,69.9022336,30.49
6194,3743.84,1000000,85.52857534,70.81907962,30.49
6195,1262.31,1000000,88.00964626,76.92651589,30.49
6204,4572.05,1000000,81.16440784,63.95623126,30.49
6213,500.44,1000000,88.9,79.6,30.49
6225,488.83,1000000,89.8,79.4,30.49
6238,443.72,1000000,89.1,78.6,30.49
6243,348.08,712.2592364,90.9,79.9,30.49
6246,21.52,1000000,88.4,79.7,30.49
6248,4301.38,1000000,78.9294384,62.4647192,30.49
6249,19.05,380.552941,89.47969301,79.65200664,30.49
6250,535.7,1000000,86,76.17197211,30.49
6251,28.47,7041.51276,87.9,80.2,30.49
6254,685.1,1000000,87.0327031,76.98748535,30.49
6257,466.83,1000000,88.5675415,77.5675415,30.49
6264,586.06,1000000,84.7367973,75.34403211,30.49
6285,506.17,1000000,73.24052935,61.24052935,30.49
6288,1274.6,1000000,76.5,63,30.49
6358,1069.92,1000000,83.28647591,74,30.49
6462,65.13,1000000,87.80177854,79.60355709,30.49
6469,1929.95,1000000,84.24233566,69.58082449,30.49
6474,29.11,1000000,85.7,77.6,30.49
6478,7.69,1000000,82.1,76.7,30.49
6481,4677.31,1000000,83.72217316,64.15866276,30.49
6504,6.56,1000000,83.72217316,64.15866276,30.49
6558,83.92,1000000,89.56567169,79.93085033,30.49
6559,278.08,1000000,66.7071812,58.86968233,30.49
6639,411.64,1000000,88.35734204,77.79533188,30.49
6641,238.57,1000000,90.37891601,79.37891601,30.49
6648,473.48,844.8216883,88.4,76.9,30.49
6664,579.22,1000000,86.82149886,77.07161471,30.49
6705,393.49,1000000,89.8,79.4,30.49
6706,12.79,1000000,88.7,80.7,30.49
6761,5691.25,501.0456038,80.7,66,30.49
6768,301.06,1000000,90,79,30.49
6772,484.6,1000000,90,78.3310609,30.49
6823,390.75,1000000,88.09714137,77.70751435,30.49
7013,1176.95,1000000,90,76,30.49
7030,428.36,1000000,90.34484922,77.68102745,30.49
7097,494.62,1000000,89.5,79.3,30.49
7130,212.75,1000000,82.1,76.7,30.49
7153,11.13,1000000,87.58960634,78.07868605,30.49
7210,175.85,1000000,89,78,30.49
7213,386.49,1000000,86.60225509,76.60607708,30.49
7238,80.55,1000000,87.00528983,79.57298998,30.49
7242,142.62,804.2985016,87.2,80.9,30.49
7266,82.83,1000000,96.8,72.5,30.49
7286,628.74,1000000,86.3,76.8,30.49
7294,100.2,1000000,86.99955373,79.50959278,30.49
7296,989.41,1000000,89.00384663,77.10657372,30.49
7302,165.07,1196.134471,87.2,80.9,30.49
7307,522.64,1000000,87.98381632,67.90332139,30.49
7314,93.05,1000000,81.1717886,75,30.49
7343,1075.82,1000000,88.6,78.6,30.49
7350,278.05,1000000,89.94004552,65.49988078,30.49
7380,128.15,613.2818458,87.2,80.9,30.49
7384,457.43,1000000,89,79.3,30.49
7504,4413.44,1000000,83.12961112,65.03323277,30.49
7512,514,1308.382165,89.5,79.3,30.49
7513,442.38,1000000,80.68639246,72.31360754,30.49
7527,18.35,1000000,93.46091785,70,30.49
7546,1017.17,1000000,90.78913967,76,30.49
7549,740.33,1000000,84.20328945,74.98463643,30.49
7551,42.23,1000000,93.60088458,70,30.49
7552,24.9,1000000,93.2189131,70,30.49
7604,318.12,1000000,90,79,30.49
7605,34.84,1000000,86.44962853,69.5244777,30.49
7627,11.92,1000000,75.9,65.2,30.49
7652,290.8,1000000,91.1,79.4,30.49
7696,55.89,1000000,89.4,78.6,30.49
7697,42.52,1000000,88,79.26639945,30.49
7698,228.91,1000000,89.43473541,79,30.49
7699,156.15,1000000,88,79.92547047,30.49
7701,19.15,1000000,85.71680922,76.71680922,30.49
7710,533.19,1000000,88.82100618,78.41050309,30.49
7721,26.22,1000000,88.18397792,79.5412079,30.49
7722,728.09,1000000,87.18912765,76.59456383,30.49
7737,8.82,1000000,89.11636937,80.39729037,30.49
7757,602.74,1000000,89.74424944,77.51045163,30.49
7784,1159.59,1000000,83.43391378,75.23762959,30.49
7790,5034.56,1000000,80.83997855,62.44460645,30.49
7805,321.46,1000000,88.3288843,78.3288843,30.49
7826,735.54,1000000,86.78310021,76.36566491,30.49
7832,1456.26,1000000,92.74274785,69.88239398,30.49
7834,600.36,1000000,85.96057839,75.97371893,30.49
7845,314.99,1000000,90,79,30.49
7846,80.44,1000000,88.77752923,79,30.49
7870,16.48,1000000,75.42997818,65.03872384,30.49
7873,7.3,1000000,87.2,80.9,30.49
7887,1163.97,1000000,88.71808981,77,30.49
7897,185.67,1000000,89.46759451,79,30.49
7900,429.7,1000000,88.60469765,77.95905203,30.49
7902,358.68,1186.41046,90.1,79,30.49
7917,725.37,1000000,87.00303696,76.62474592,30.49
7931,278.07,1000000,89.93904164,65.49882986,30.49
7946,725.43,1000000,87.00381255,76.6261256,30.49
7949,49.61,1000000,91.9,80.9,30.49
7951,546.6,1000000,87,76.5,30.49
7952,19.53,1000000,90.6,79.7,30.49
7985,786.01,1000000,87.68377025,76.87176554,30.49
7991,860.81,1000000,84,74.17579176,30.49
7999,305.43,1000000,80.22690229,65.47508503,30.49
8000,1349.84,1000000,88.50483137,77,30.49
8002,25.81,1000000,84.5,75.5,30.49
8006,23.76,1000000,87.4,76.8,30.49
8011,304.18,1000000,85.10558024,76.10558024,30.49
8023,803.57,390.0173129,85.78044054,76.85038984,30.49
8024,605.03,1000000,82.5,74.6,30.49
8031,1187.76,1000000,85.0662336,76,30.49
8036,904.25,1000000,89.8,79.5,30.49
8042,739.05,1000000,86.8,76.9,30.49
8048,18.45,1000000,87.96630496,81.19703501,30.49
8054,147.46,1000000,91.8,80.4,30.49
8055,354.46,1000000,91.14928354,79.85456111,30.49
8056,12.07,1000000,88.7,80.7,30.49
8059,1118.02,226.8813179,92.9,78.1,30.49
8063,705.29,1000000,92.3,79.3,30.49
8066,6662.08,1000000,75.53968961,57.95811943,30.49
8068,1272.84,1000000,96.13861131,74.9979228,30.49
8069,6459.7,1000000,84.80278651,65.5121744,30.49
8073,19.14,1000000,78.67448647,65.50444572,30.49
8102,570.31,1000000,84.75804983,75.3876587,30.49
8219,5477.76,1000000,80.80948806,63.90270616,30.49
8222,1960.4,1000000,84.19668446,69.55736112,30.49
8223,6983.22,1000000,78.32782051,62.45572774,30.49
8224,4456.24,1000000,87.4459698,62.24818284,30.49
8226,755.99,1000000,84.4371548,75.01341169,30.49
8906,11.66,1000000,87.2,77.2,30.49
8907,59.14,1000000,84.6,76,30.49
9864,94.92,1000000,86.7,76.3,30.49
10002,1719.29,1000000,88.4,69.8,30.49
10003,5626.6,1000000,79.72858161,62.86429081,30.49
10012,582.7,1000000,85.07501192,75.8117493,30.49
10013,818.91,1000000,83.76109776,74,30.49
10025,413.49,1000000,84.5,75.5,30.49
10030,36.65,1000000,85.02479141,76.93573791,30.49
10033,634.03,1000000,86.5,76.9,30.49
10034,182.6,1000000,74.53371317,64.51325315,30.49
10043,14.43,1000000,85.83527952,76.83527952,30.49
10052,23.34,1000000,68.81334831,61.97012011,30.49
10062,3.36,1000000,86.36670541,79.14709035,30.49
10071,7.78,1000000,87.63705491,78.4817943,30.49
10072,3159.22,1000000,86.1,71.1,30.49
10075,612.56,1000000,83.4,76.6,30.49
10090,142.41,1000000,81.25803618,70.61330215,30.49
10091,106.2,1000000,83.8,72.5,30.49
10099,10.21,1000000,85.84274513,76.84274513,30.49
10113,1692.7,1000000,82.42886119,74.05316315,30.49
10118,369.09,1000000,84.62231224,75.68490909,30.49
10120,9.06,1000000,89.6,80.1,30.49
10143,1921.44,1000000,80.72231044,72.10194916,30.49
10144,142.17,1000000,97.4,72.3,30.49
10148,867.81,1000000,83.4,76.6,30.49
10151,1248.28,1000000,83.04614594,74.72686931,30.49
10156,188.78,1000000,96.08954826,72.25496073,30.49
10168,99.12,1000000,83.76020905,68.71527535,30.49
10169,115.44,1000000,81.15647722,70.57821445,30.49
10184,1058.71,1000000,88.9,78.5,30.49
10186,244.67,1000000,83.2,73.3,30.49
10187,13.02,1000000,88.9,81.7,30.49
10190,16.06,1000000,82.16274267,74,30.49
10202,11.64,1000000,89.6,80.1,30.49
10224,29.3,1000000,88.8,77.7,30.49
10250,55.21,1000000,86.35232507,80.64767493,30.49
10290,474.69,1000000,84.7,74.7,30.49
10294,341.96,1000000,70.32690439,62.64698012,30.49
10300,-175.24,1000000,90.52370087,74.07550477,30.49
10305,68.5,1000000,87.4,76.8,30.49
10308,52.01,1000000,88.8,77.7,30.49
10333,74.36,288.1454405,87.6,78.7,30.49
10338,61.89,1000000,83,73.9,30.49
10342,10.88,1000000,81.12767806,66.75474191,30.49
10343,1419.03,1000000,83.55295822,74.93742113,30.49
10344,15.62,1000000,89.1,80.5,30.49
10346,745.42,1000000,80.8283184,72.18743824,30.49
10347,178.69,1000000,89.3,79.7,30.49
10350,38.82,1000000,96.61158853,72.94489266,30.49
10354,410.52,1000000,80.25241167,72.56468448,30.49
10356,575.12,1000000,80.68551599,72.31448401,30.49
10367,7.28,1000000,93.2,70.3,30.49
10368,33.26,1000000,93.2,70.3,30.49
10369,6.07,1000000,93.2,70.3,30.49
10370,21.93,1000000,93.2,70.3,30.49
10371,38.52,1000000,93.2,70.3,30.49
10373,236.16,1000000,95,75,30.49
10377,41.19,1000000,87.62916379,78.21896556,30.49
10378,25.62,1000000,89.39518514,80.0765752,30.49
10379,564.01,1000000,86,76.22092105,30.49
10380,114.38,1000000,90,79.3,30.49
10381,77.51,1000000,90.6,79,30.49
10382,112.99,1000000,89.95118566,79.32639706,30.49
10384,107.65,1000000,87.64758607,78.02191513,30.49
10395,782.26,1000000,84.42726912,71.81667785,30.49
10405,303.25,1000000,96.16219133,72.27628567,30.49
10435,17.33,1000000,85.53915369,76.53915369,30.49
10464,625.77,1000000,84.4,74.8,30.49
10471,730.28,1000000,93.6,74.7,30.49
10472,712.71,1000000,86.8,72.8,30.49
10473,224.18,1000000,78.8,70.2,30.49
10478,1259.43,1000000,90.4,73.4,30.49
10485,8.11,1000000,88.6,78.1,30.49
10495,443.03,1000000,80.30005898,72.44483412,30.49
10502,119.88,1000000,96.1,73.4,30.49
10503,229.41,1000000,84.8,75.8,30.49
10525,31.02,1000000,87.77180935,79,30.49
10566,9.82,1000000,85.89247456,76.89247456,30.49
10567,26.08,1000000,86.7,76.3,30.49
10593,18.17,22.31393518,88.6,81.4,30.49
10603,2169.87,1000000,80.90704898,72.14906479,30.49
10617,761.47,1000000,84.4,74.8,30.49
10620,684.36,1000000,84.4,74.8,30.49
10621,393.3,1000000,82.52680704,73.76340352,30.49
10629,13.22,1000000,88.6,78.1,30.49
10633,46.25,1000000,87.64004855,78.21180514,30.49
10640,19.91,1000000,96.1,73.4,30.49
10641,2181.69,1000000,80.90487971,72.17683155,30.49
10642,96.52,1000000,82.79471073,75.78934963,30.49
10646,47.29,1000000,82.99300426,75,30.49
10652,3220.17,1000000,89.33056592,66.95880478,30.49
10661,4567.3,1000000,97.5,72,30.49
10670,22.33,1000000,89,80.5,30.49
10671,437.63,1000000,89.64106727,77.82053363,30.49
10672,9.35,1000000,87.29535709,79.2701581,30.49
10673,12.52,1000000,84.28764753,76.14099959,30.49
10675,28.07,1000000,85.2,76.2,30.49
10676,742.59,1000000,84.8,75.2,30.49
10677,1373.13,1000000,90.4,73.4,30.49
10678,647.39,1000000,83.28503132,73.88676591,30.49
10682,4240.09,1000000,78.89605751,62.44802875,30.49
10683,4240.58,1000000,84.3,67.1,30.49
10686,1278.28,1000000,81.4,72.7,30.49
10725,188.08,1000000,82.26745711,74.13372855,30.49
10726,150.87,1000000,86.7,76.3,30.49
10731,505.82,1000000,84,75,30.49
10741,16.25,1000000,88.53108215,79.85252393,30.49
10743,827.39,1000000,83,73.5,30.49
10745,600.7,862.5385958,85.8,76.4,30.49
10746,11.04,1000000,85.83379941,76.83379941,30.49
10751,11.16,1000000,85.52855561,76.52855561,30.49
10755,5518.71,1000000,85.4,65.5,30.49
10761,1922.5,1000000,94.96085217,70.44524461,30.49
10764,83.39,1000000,67.60083609,61.29106111,30.49
10765,155.42,1000000,80.72656069,72.27343931,30.49
10766,221.8,1000000,80.76585123,72.23414877,30.49
10767,301.11,1000000,96.02376253,72.0951106,30.49
10768,729.15,1000000,96.7,72.9,30.49
10769,634.46,1000000,97.2,73.9,30.49
10771,49.61,1000000,87.63851696,78.21287247,30.49
10772,142.5,1000000,94,70.26019948,30.49
10773,546.6,1000000,86.23819288,75.71917899,30.49
10774,19.53,1000000,87.35536046,78.67768023,30.49
10777,4028.3,1000000,86.26811,63.85393595,30.49
10784,3241.58,1000000,85.30905475,66.03240764,30.49
10802,98.5,1000000,85.2,76,30.49
10803,275.23,1000000,82.3,74.1,30.49
10805,90.75,1000000,85.82941953,76.20751605,30.49
10810,10.83,1000000,78.8872841,72.21476847,30.49
10811,12.54,1000000,78.6497774,71.31982421,30.49
10812,18.43,1000000,78.43353249,71.27812282,30.49
10819,629.46,1000000,82.76401839,74.88200919,30.49
10822,1253.97,1000000,81.42078661,72.71437911,30.49
10835,416.03,1000000,83.2,73.3,30.49
10836,37.9,1000000,93.63190937,70,30.49
10837,163.14,1000000,95.76091689,72.04768035,30.49
10838,1149.62,1000000,81.86982048,72.67689107,30.49
10839,1065.69,1000000,80.37292672,72,30.49
10840,319.35,1000000,95.67340773,71.48329445,30.49
10850,2421.97,1000000,94.1,69.6,30.49
10869,1319.58,1000000,88.50105664,65.87333982,30.49
50002,1015.83,1000000,83.19175814,74.28224196,30.49
50035,245.49,1000000,83.2,73.5,30.49
50051,68.87,1000000,83.2,73.3,30.49
50068,493.77,1000000,96.7,72.9,30.49
50071,16.82,1000000,86.27864089,79.19402749,30.49
50099,4151.68,1000000,89.97235227,65.95198655,30.49
50109,520.56,1000000,90.31780392,78.3377289,30.49
50111,4965.57,1000000,89.2,64,30.49
50127,1022.54,1000000,91.63451792,76.76330695,30.49
50137,71.3,1000000,89,80.5,30.49
50201,2148.21,1000000,84.88779733,75.25853155,30.49
50202,574.6,1000000,83.9,75.5,30.49
50208,1047.05,1000000,80.38770105,72,30.49
50215,485.76,1000000,85.32806487,76.32806487,30.49
50225,38,1000000,80.06258853,72.03201969,30.49
50243,15.27,1000000,83.2,73.3,30.49
50271,46.99,1000000,89,80.3,30.49
50273,64.14,1000000,83.34522807,74.23340358,30.49
50277,1197.86,1000000,82.3,74.1,30.49
50279,923.15,1000000,81.14078218,72.98085143,30.49
50290,75.05,1000000,83.22297217,75.80947373,30.49
50292,115.84,1000000,82.6158221,75.69684682,30.49
50293,93.94,1000000,93.71917734,70.41074118,30.49
50363,-134.68,1000000,97.7,81.4,30.49
50385,18,1000000,85.85853194,76.16882343,30.49
50406,194,1000000,83.2,73.3,30.49
50407,20.03,1000000,88,79.32092519,30.49
50449,1412.03,1000000,83.44615918,75.23902145,30.49
50450,253.85,1000000,84.8,75.4,30.49
50451,591.37,1000000,80.42784565,72.90415868,30.49
50458,519.66,1000000,81.90009224,73.90009224,30.49
50460,163.52,1000000,81.3,73.2,30.49
50472,569.98,1000000,81.51643508,73.65472928,30.49
50497,7.93,1000000,85.80102501,76.18533304,30.49
50498,33.17,1000000,84.07855675,74.77171947,30.49
50541,8.55,1000000,82.07068959,70.95757919,30.49
50555,167.78,1000000,87.3005148,77.9753691,30.49
50558,1244.97,1000000,89.29407798,76.18082057,30.49
50560,1371.24,1000000,95.98592091,72.70236966,30.49
50561,16.79,1000000,85.67969564,76.67969564,30.49
50572,17.36,1000000,85.67969564,76.67969564,30.49
50611,1282.77,1000000,83.85689283,75.14097418,30.49
50629,100.71,1000000,87.26272429,79.26272429,30.49
50630,185.66,1000000,84.89791319,67.16094719,30.49
50632,349.7,1000000,90.90494832,69.7475481,30.49
50648,208.95,1000000,83.62602478,74.75625325,30.49
50649,61.88,1000000,85,77,30.49
50650,1164.56,1000000,80.60957717,72.39042283,30.49
50651,400.53,1000000,84.8,75.4,30.49
50657,348.78,1000000,86.7183224,76.97247437,30.49
50658,184.51,1000000,87.84409543,78,30.49
50664,65.07,1000000,83.2,75.3,30.49
50666,48.94,1000000,88,80.03807983,30.49
50676,4672.89,1000000,84.3,67.1,30.49
50707,4998.92,1000000,79.40912151,62.70456075,30.49
50736,544.61,1000000,85.2,76.2,30.49
50739,471.37,1000000,80.95942414,72.3304556,30.49
50744,468.76,1000000,81.41512497,73.20756249,30.49
50748,26.4,1000000,81.59391695,67.22994552,30.49
50770,1256.3,1000000,81.5122415,73.23924023,30.49
50771,629.88,1000000,86.8,76.5,30.49
50772,811.31,1000000,80.89444391,72.56801337,30.49
50774,114.21,1000000,87.21588194,79.78411806,30.49
50776,1058.59,1000000,82.56510247,74.11213624,30.49
50799,100.43,1000000,84.91307761,76.29748654,30.49
50815,35.75,1000000,88.27483033,79.60702653,30.49
50835,603.12,1000000,81.9624858,73.54928541,30.49
50837,6.59,1000000,82.13385258,70.99107196,30.49
50849,233.66,1000000,78,67.6,30.49
50850,639.44,1000000,88.62744279,72.49978713,30.49
50851,39.27,1000000,78.17956379,69.9034401,30.49
50852,35.63,1000000,85.80059794,76.60268057,30.49
50858,37.87,1000000,88,79.87142159,30.49
50859,345.66,1000000,85.26639599,76.26639599,30.49
50860,616.19,1000000,85.4,76.5,30.49
50872,537.85,1000000,81.3,73.2,30.49
50873,288.58,1000000,82.37089769,73.3143043,30.49
50874,484.48,1000000,83.2,73.3,30.49
50875,9.15,1000000,88,79.86377441,30.49
50876,117.12,1000000,82.09816491,70.91550834,30.49
50877,63.66,1000000,84.08615354,74.73234271,30.49
50878,510.22,1000000,81.16056051,73.5952132,30.49
50879,1496.69,1000000,82.4504,74.0645957,30.49
50880,14.28,1000000,86.3,76.2,30.49
50881,486.39,1000000,89.66770297,68.63316313,30.49
50882,21.21,1000000,84.6,76,30.49
50883,9.33,1000000,82.00909332,75,30.49
50884,7.6,1000000,88,80.38079858,30.49
50885,14.49,1000000,85.63264184,76.63264184,30.49
50886,2326.79,1000000,87.04494251,65.4371871,30.49
50887,5.34,1000000,88,81.2,30.49
50888,333.19,1000000,84.23110794,75.23110794,30.49
50900,1246.12,1000000,86.7,75.4,30.49
50903,592.71,1000000,88.7,78.8,30.49
50906,5149.29,1000000,82.5,65.3,30.49
50907,309.1,1000000,84.8,75.4,30.49
50921,3513.62,1000000,93.2,68.8,30.49
50949,115.44,613.2818458,87.2,80.9,30.49
50950,1528.64,1000000,97.2,71.2,30.49
50951,6484.9,1000000,84.62756272,65.35018538,30.49
50966,55.15,1000000,87.85757621,78.08111752,30.49
50968,25.55,1000000,77.8,65.5,30.49
50974,1393.08,1000000,80.96719788,72.67374646,30.49
50976,31.5,1000000,86.9086029,79.56017512,30.49
50978,409.52,1000000,82.57261409,73.78630705,30.49
50993,716.04,1000000,94,69,30.49
51026,500.29,1000000,80.41288262,72,30.49
51030,528.63,1000000,81.66766233,74.20140767,30.49
52007,348.58,1000000,86.53516644,76.97828047,30.49
52010,23.84,1000000,87.86792451,79.86718861,30.49
52026,151.47,1000000,83.5,75.7,30.49
52056,97.36,1000000,82.79460655,75.789619,30.49
52071,466.41,859.2056136,89.38013024,78.37671536,30.49
52088,13.09,1000000,87.69512561,79.87803648,30.49
52118,671.12,1000000,86.23606779,75.71856203,30.49
52168,7.56,1000000,87.2,77.2,30.49
52176,2481.42,1000000,88.00291199,73.26547596,30.49
54015,633.35,1000000,86.29764641,72.04054728,30.49
54033,17.31,1000000,86.49812088,79.49812088,30.49
54034,18.99,1000000,82.10759422,74,30.49
54035,93.76,1000000,87.30969214,78.30969214,30.49
54041,624.49,1000000,80.77435471,73.13115743,30.49
54056,54.8,1000000,82.06693678,74.67172996,30.49
54076,1419.48,1000000,79.19718941,71.74125821,30.49
54081,49.33,1000000,87.83569114,78.09388648,30.49
54114,13.66,1000000,82.14795057,76,30.49
54131,574.64,1000000,80.86557541,73.20887903,30.49
54144,1335.23,1000000,83.5,74.6,30.49
54219,3130.99,1000000,97.5,72,30.49
54221,5591,1000000,82.4,65.3,30.49
54224,1006.99,1000000,84.6,76.8,30.49
54238,9.79,1000000,96.0480484,72.90803474,30.49
54265,978.44,1000000,84.6,75.4,30.49
54271,1811.14,1000000,94.3719345,70.15847592,30.49
54304,97.23,1000000,87.79874745,78,30.49
54324,529.41,1000000,81.664397,74.1985698,30.49
54349,1845.64,1000000,95.13478648,70.53499001,30.49
54350,2413.05,1000000,94.9709366,70.43710203,30.49
54365,125.63,1000000,87.70443481,79.3474456,30.49
54415,1302.05,1000000,81.56832468,73.223935,30.49
54423,86.38,1000000,88.3,78.4,30.49
54424,82.69,1000000,88,79.99070261,30.49
54426,146.83,1000000,88,79.92621172,30.49
54466,94.99,1000000,86.73075312,79.09042552,30.49
54468,5061.51,1000000,97.5,72,30.49
54469,157.93,1000000,96.2,73.1,30.49
54476,51.58,1000000,76.30347657,65.11700034,30.49
54526,1086.28,1000000,81,73,30.49
54529,112.16,1000000,87.67289492,79.34130333,30.49
54537,193.83,1000000,75.80461428,65.07294967,30.49
54547,277.04,1000000,81.52999282,73.42500057,30.49
54561,42.42,1000000,82.22667291,67.41708898,30.49
54578,2552.52,1000000,89.6,66.9,30.49
54579,4157.05,1000000,85.53917834,63.257211,30.49
54586,105.08,1000000,85.76225092,75.99583302,30.49
54592,255.47,1000000,80.33499192,72.62951826,30.49
54593,894.41,1000000,80.20641266,72.69409656,30.49
54626,1069.18,1000000,94.42396223,70.813391,30.49
54627,14.8,1000000,86.31608244,79.31608244,30.49
54634,1381.37,1000000,82.40697458,74.03710767,30.49
54640,36.84,1000000,86.59218537,77,30.49
54646,10.81,1000000,84.31452701,76.13432922,30.49
54658,146.03,1000000,87.6,79.6,30.49
54676,5.09,1000000,87.94111205,79.7714,30.49
54693,423.34,1000000,85.35943294,76.35943294,30.49
54694,130.11,1000000,95.31926665,77.87419484,30.49
54744,415.76,1000000,90,78.4,30.49
54746,14.23,1000000,85.72199985,76.72199985,30.49
54749,638.49,1000000,82.06605686,71.29107256,30.49
54751,753.87,1000000,82.39496062,74.26556893,30.49
54755,100.07,1000000,87.30843448,78.30843448,30.49
54758,118.95,1000000,82.46699441,74.48480981,30.49
54761,562.25,1000000,90.20382541,65.46870971,30.49
54785,18.87,1000000,88.5,78.3,30.49
54805,253.19,1000000,82.69060841,74.49652707,30.49
54817,848.46,1000000,91.32402474,78,30.49
54832,216.06,1000000,87.28429406,77.58127885,30.49
54852,1081.26,1000000,83.2,73.3,30.49
54914,7.68,1000000,87.2,77.2,30.49
54915,634.79,1000000,81.8550156,73.92994413,30.49
54945,17.9,1000000,85.7,77.2,30.49
54974,734.86,1000000,84,75.46495177,30.49
54985,297.67,1000000,89.3,80.1,30.49
54998,7.89,1000000,89.3,79.9,30.49
55010,804.77,1000000,83.52348391,74,30.49
55011,820.24,1000000,84.41355291,74.78272639,30.49
55040,319.53,1000000,88.9215452,78,30.49
55041,181.47,1000000,83.70194652,74.40757991,30.49
55042,10.43,1000000,83,76,30.49
55043,685.17,1000000,85.62867974,75.51182693,30.49
55047,25.5,1000000,88.45651257,79.73956953,30.49
55048,252.84,1000000,83.5,75.7,30.49
55062,364.68,1000000,88.28292045,79.28292045,30.49
55063,224.74,1000000,90.44310488,79.44310488,30.49
55065,3500.67,1000000,86.67085846,72,30.49
55068,59.87,1000000,80.91984639,72.08015361,30.49
55075,204.45,1000000,90.96722019,79.05439239,30.49
55076,556.66,1000000,90,79,30.49
55079,613.22,1000000,81.82127508,73.67401409,30.49
55086,19.7,1000000,88.77059933,80.62039666,30.49
55087,659.37,1000000,82.86288903,74.83351167,30.49
55088,584.68,1000000,86.5,76.9,30.49
55090,2722.63,1000000,84.04610761,64.3824262,30.49
55096,602.4,1000000,88.3,78,30.49
55097,542.74,1000000,90.33495415,78.33588764,30.49
55098,115.65,1000000,88.59515984,80.29757992,30.49
55100,615.85,1000000,82.96667589,73.59962113,30.49
55103,4140.71,1000000,93.76818052,68.72394859,30.49
55104,8.91,1000000,87.91004333,81.46791562,30.49
55107,334.69,1000000,82.00199596,74.73841811,30.49
55123,92.43,1000000,88.60414891,80.30207446,30.49
55124,2483.16,1000000,89.84829372,68.05229499,30.49
55126,61.14,1000000,81.99848661,75,30.49
55129,1369.58,1000000,94.90650848,74.39745763,30.49
55131,632.31,1000000,84.6392156,76,30.49
55132,378.44,1000000,89.37151484,79,30.49
55137,563.3,1000000,86.92817596,77.2268399,30.49
55139,790.04,1000000,92.02215729,78.83922799,30.49
55144,622.66,1000000,89.92444655,78.18799966,30.49
55146,603.78,1000000,90.72511227,77.86791086,30.49
55151,980.4,1000000,91.88002425,68.38369316,30.49
55153,684.62,1000000,86.90404821,77.18311125,30.49
55154,490.12,1000000,89.9,79.1,30.49
55168,553.85,1000000,88.49438344,77.92026208,30.49
55170,318.79,1000000,83.74392613,73.9245436,30.49
55172,472.01,1000000,91.43953844,77.81013408,30.49
55173,39.01,1000000,87.7176402,79.77093785,30.49
55174,648.9,1000000,88.3,78,30.49
55176,293.21,1000000,90,79,30.49
55177,457.19,1000000,95.26214638,70.92553582,30.49
55178,949.12,1000000,89.6508211,78,30.49
55179,2183.14,1000000,83.59682065,64.26688233,30.49
55182,1423.83,1000000,86.68083711,67.89470694,30.49
55183,659.46,1000000,88.13137799,78.5696035,30.49
55187,40.52,1000000,88.25362544,79.58254483,30.49
55188,608.13,1000000,86.77399045,76.97477806,30.49
55193,340.14,1000000,84.5812277,75.5812277,30.49
55197,336.49,1000000,89.84455826,79,30.49
55200,5264.21,1000000,79.81057717,62.90528858,30.49
55206,22.18,1000000,88.478663,80.37672088,30.49
55210,4234.14,1000000,86.73704203,69.77908368,30.49
55215,2870.16,1000000,87.10874988,72.21749976,30.49
55216,525.93,1000000,84.63772108,76,30.49
55217,14.44,1000000,82.5503512,67.05917797,30.49
55218,350.28,1000000,89.74837466,78.91612489,30.49
55220,328.16,1000000,90,79,30.49
55221,255.09,1000000,90.88134577,79.51326485,30.49
55223,470.15,1000000,91.38635095,78,30.49
55225,727.62,1000000,90.39844587,77.84895708,30.49
55226,340.52,1000000,91.18816032,78.40591984,30.49
55230,1102.15,1000000,91.26362117,78,30.49
55231,29.97,1000000,85.86122649,76.86122649,30.49
55239,52.02,1000000,86.27309604,76.589516,30.49
55241,14.39,1000000,88,79.31502146,30.49
55242,90.24,1000000,88.4,81.1443005,30.49
55259,589.27,1000000,85.23026967,76,30.49
55269,281.51,1000000,90.81233262,79.81233262,30.49
55270,964.93,1000000,84.08577178,75.90280265,30.49
55271,478.2,1000000,89.42663037,79,30.49
55282,881.61,1000000,96.83909996,75.97271379,30.49
55292,583.63,1000000,87.25696485,77.25696485,30.49
55293,612.25,1000000,87.29884854,77.29884854,30.49
55294,91.77,1000000,80.18850122,72.09978125,30.49
55295,335.32,1000000,96.21352474,77.95960684,30.49
55297,611.63,1000000,84.72742758,75.69760562,30.49
55298,19.63,1000000,85.72746177,76.72746177,30.49
55299,25.71,1000000,88.4448035,79.72031026,30.49
55301,1052.47,1000000,96.4,76.1,30.49
55302,4801.23,1000000,83.37254624,64.27274923,30.49
55305,51.22,1000000,89.6,80.8,30.49
55306,704.16,1000000,96.81871287,75.97383617,30.49
55314,170.88,1000000,91.1,81.1,30.49
55318,22.27,1000000,87.5,80.5,30.49
55320,1026.98,1000000,91.25772994,78,30.49
55322,2232.98,1000000,95,72.5,30.49
55323,14.81,1000000,80.7,65.9,30.49
55327,20.14,1000000,88.18766863,79.70067734,30.49
55328,617.2,1000000,90.07921474,65.3990333,30.49
55333,23.65,1000000,82.34919356,67.01961717,30.49
55334,612.46,1000000,87.70668469,78,30.49
55335,340.88,1000000,87.5,77.2,30.49
55337,501.92,1000000,84.7542053,75.7542053,30.49
55340,242.95,1000000,90.1084397,79.1084397,30.49
55343,4378.51,1000000,85,68.71465455,30.49
55350,820.66,1000000,86.69728581,77.65501417,30.49
55357,67.94,1000000,88.19208586,79.68670889,30.49
55358,18.1,1000000,87.61823751,80.24886814,30.49
55364,481.6,1000000,86.13081361,77.88206675,30.49
55369,454.58,1000000,82.27011334,76.13540013,30.49
55372,1126.6,1000000,96.79664883,76.07001951,30.49
55380,170.88,1000000,90.27572532,79.29425188,30.49
55382,714.3,1000000,87.62132807,76.81066404,30.49
55386,133.94,1000000,88.86327284,78,30.49
55393,256.3,1000000,80.28212938,66.81746809,30.49
55397,850.18,1000000,84.47384101,75.2369205,30.49
55400,1332.78,1000000,88.01921898,68.34931998,30.49
55404,13.89,1000000,88.2368012,80.2368012,30.49
55406,78.03,1000000,88.7814418,79.47822704,30.49
55411,558.8,1000000,88.92639441,78.60676511,30.49
55412,145.53,1000000,87.64269557,79.32663653,30.49
55418,250.88,1000000,90.73839579,79.34308806,30.49
55439,390.98,1000000,87.37270976,77.37270976,30.49
55440,378.92,1000000,89.42716803,79,30.49
55451,529.43,1000000,90.37383937,79.37383937,30.49
55455,882.78,1000000,96.84951922,75.94991703,30.49
55457,1197.46,1000000,89.38882085,76.31791124,30.49
55463,1021.95,1000000,89.98867884,76.48036206,30.49
55464,26.54,1000000,88.4688324,79.76287061,30.49
55467,84.47,1000000,90.71472938,80.42945877,30.49
55480,385.35,1000000,91.32155832,78,30.49
55481,883.1,1000000,96.849652,75.94969291,30.49
55482,1640.65,1000000,88.19259636,68.94880721,30.49
55501,677.36,1000000,90,77.87025812,30.49
55502,490.67,1000000,85,76,30.49
55503,896.44,1000000,84.74314155,75.49148452,30.49
55516,1073.61,1000000,83.02522743,74.62623494,30.49
55518,2856.68,1000000,90.7889847,68.40550606,30.49
55524,460.56,1000000,87.28330898,77.55294712,30.49
55528,883.47,1000000,96.4,77.4,30.49
55545,90.23,1000000,88.60166794,80.30083397,30.49
55620,81.86,1000000,90.74227816,80.48455633,30.49
55641,770.58,1000000,84,74.87059259,30.49
55656,1068.51,1000000,88.50966832,65.69339202,30.49
55661,66.19,1000000,82.10801334,73.94813438,30.49
55664,284.77,1000000,90,79,30.49
55667,292.98,1000000,84.72619909,75.72619909,30.49
55690,364.6,1000000,87.02975286,76.97048772,30.49
55694,572.39,1000000,90,79,30.49
55700,9.92,1000000,80.29575587,65.87955659,30.49
55701,625.15,1000000,86.05489621,76.69502601,30.49
55708,338.76,1000000,89.89415398,79.13756029,30.49
55710,757.76,1000000,82.22298681,73.22298681,30.49
55714,339.99,1000000,90.77221423,79.38987881,30.49
55736,550.75,1000000,85.13750445,75.79789193,30.49
55748,18.41,1000000,84.87292492,68.9728199,30.49
55749,2884.6,1000000,84.66677054,65.15352101,30.49
55801,19.94,1000000,85.83334676,76.83334676,30.49
55818,407.58,1000000,79.50496814,65.08113508,30.49
55821,74.36,1000000,86.47472994,79.16944208,30.49
55835,4968.21,1000000,79.40662894,62.70331447,30.49
55841,2490.97,1000000,95,72.5,30.49
55853,1445.48,1000000,90.39141389,71.64702422,30.49
55856,456.38,1000000,90.45156821,80.09686358,30.49
55927,21.1,1000000,88.87381676,79.58405074,30.49
55952,1920.63,1000000,95,72.5,30.49
55955,1052.47,1000000,96.4,76.1,30.49
55965,726.27,1000000,87.00241624,76.62358158,30.49
55966,129.81,1000000,70.39512363,60.89017795,30.49
55970,151.86,1000000,93.68135985,70,30.49
55975,1085.45,1000000,83.9,74.7,30.49
55976,584.38,1000000,86.8,76.5,30.49
55977,5285.07,1000000,81.88170396,63.93561629,30.49
55985,749.91,1000000,82.10126425,71.30487083,30.49
55990,643.56,1000000,82.51948852,73.78211456,30.49
56026,36.87,1000000,81.89554864,67.32386513,30.49
56031,669.84,1000000,83.19393874,74.0971684,30.49
56041,189.59,1000000,80.72868436,70.41595691,30.49
56042,10.57,1000000,84.8,75.8,30.49
56046,566.26,1000000,80.57961163,70.36737261,30.49
56068,683.91,1000000,86.9,77,30.49
56078,87.5,1000000,91.98348489,70.08141695,30.49
56079,215.74,1000000,91.56483952,80.54125372,30.49
56102,5055.97,1000000,87,66.4,30.49
56104,801.04,1000000,83.63431677,74.57394982,30.49
56119,21.33,1000000,88.8,77.7,30.49
56150,58.28,1000000,88.8495332,79.55269783,30.49
56164,1006.87,1000000,83.47137286,74.40094475,30.49
56177,4564.14,1000000,84.94122452,65.78095585,30.49
56188,66.03,1000000,82.33104227,75.56987565,30.49
56224,4648.08,1000000,86.48318819,62.33437021,30.49
56227,21.49,1000000,78.67822905,65.50512388,30.49
56237,4510.78,1000000,84.97167286,65.79004042,30.49
56259,18.78,1000000,82.10778594,74,30.49
56298,90.44,1000000,93.7752188,70,30.49
56309,426.28,1000000,90.43510881,80.12978237,30.49
56319,4414.03,1000000,85.09832847,68.58294147,30.49
56326,3499.24,1000000,87.1,72.8,30.49
56349,2859.53,1000000,87.10565674,72.21131347,30.49
56350,96.62,1000000,88.08714808,79.66667773,30.49
56356,572.75,1000000,89.17766463,72.2244048,30.49
56400,17.89,1000000,87.57638508,79.99548234,30.49
56406,16.04,1000000,80.5,67.3,30.49
56407,19.57,1000000,86.20956154,79.20956154,30.49
56456,243.89,1000000,90.20274322,79.20274322,30.49
56458,3748.94,1000000,87,70.6,30.49
56467,9.44,1000000,81.43932746,68.0036928,30.49
56505,292.34,1000000,91.1,80.1,30.49
56564,299.58,1000000,91.09659498,79.68379328,30.49
56565,177.19,1000000,90,79,30.49
56611,482.91,1000000,91.41694479,78.61961131,30.49
56616,6052.82,1000000,79.10625825,63.12308935,30.49
56643,709.72,1000000,83.76379693,74,30.49
56671,1129.77,1000000,84.05335394,74.46508781,30.49
56706,240.23,1000000,95.21168346,71.7043354,30.49
56707,144.54,1000000,94.36789797,71.03604235,30.49
56786,1482.07,1000000,84.87168844,75.53260917,30.49
56798,357.41,1000000,84.93827442,76.45045566,30.49
56806,17.48,1000000,88.6,82,30.49
56807,305.02,1000000,87.9520069,77.8532318,30.49
56846,158.63,1000000,88.6,78.2,30.49
56931,381.57,1000000,90.03426686,79.49512868,30.49
56963,14.38,1000000,88.43209761,78.31141779,30.49
56998,4843.84,1000000,84.46647281,66.9847807,30.49
57028,2605.32,1000000,91.75572196,67.50360978,30.49
57037,477.07,1000000,90.75682373,80.02407442,30.49
57119,753.38,1000000,83.58776302,74,30.49
57138,290.05,1000000,90.24723186,78.67051038,30.49
57154,-134.68,1000000,97.7,81.4,30.49
57241,186.88,1000000,88.50103073,79.50873743,30.49
57349,21.51,1000000,87.04229699,78.46090104,30.49
57564,361.8,1000000,96.02331408,72.11968669,30.49
57684,3430.74,1000000,96.3,72.6,30.49
57703,5946.34,1000000,78.45580229,63.63064976,30.49
57794,748.69,1000000,86.8,77.4,30.49
57839,17.26,1000000,87.93080337,77.41155771,30.49
57857,427.54,1000000,97.5,72,30.49
57898,16.82,1000000,87.75519948,80.23072925,30.49
57909,786.42,1000000,89.50420142,78.67500842,30.49
57978,10.04,1000000,95.27512703,72.42168688,30.49
58001,594.11,1000000,90.75987907,77.92582079,30.49
58005,729.75,1000000,92.1709368,78.78455833,30.49
58007,723.01,1000000,88.72742518,73.56677493,30.49
58023,226,1000000,87.5,77.2,30.49
58054,1043.57,1000000,82.96301328,73.61627787,30.49
58079,14.03,1000000,88.47055482,77.68238709,30.49
58124,1159.48,1000000,83.49546071,74.57008632,30.49
58205,792.07,1000000,91.30477129,79.66788757,30.49
58215,85.28,550.0786889,90.1,79.8,30.49
58236,883.94,1000000,87.4,79.2,30.49
58260,242.49,1000000,91.9,80.9,30.49
58427,836.35,1000000,85.34538781,76.43060245,30.49
58472,312.33,1000000,96.42241282,72.35666051,30.49
58478,6.21,1000000,89,80.3,30.49
58503,676.94,1000000,94.5,72.1,30.49
58518,561.32,2.70412099,88.4,77.1,30.49
58557,884,1000000,95.6853503,76.25482954,30.49
58560,386.09,1000000,88.37459472,77.56025572,30.49
58574,6342.54,1000000,82.915182,65.0902406,30.49
58595,618.36,1000000,85.01266329,74.74073383,30.49
58697,10.18,1172.123451,89,80.3,30.49
58706,164.84,1000000,90.04226872,79.09241256,30.49
58707,84.02,1000000,89.2924461,79.40034617,30.49
58870,6.43,1000000,89,80.5,30.49
58944,337.22,1000000,89.71579153,80.13819124,30.49
59004,314.24,1000000,91,79.4,30.49
59035,499.94,1000000,85.7,77.6,30.49
59093,604.04,1000000,84.6,76.5,30.49
59220,460.9,1000000,87.3,78,30.49
59254,309.67,1000000,84.54190676,75.86797323,30.49
59325,836.43,1000000,88.4,77.1,30.49
59326,652.97,1000000,88,77.9,30.49
59338,704.87,1000000,95.35782107,75.88572127,30.49
59764,592.07,1000000,86.9,77.2,30.49
59784,704.87,1000000,95.35780859,75.88570754,30.49
60100,342.79,1000000,96.65352921,74.56830049,30.49
60340,186.14,1000000,90.4,79.7,30.49
60345,33.15,1000000,88,80.3,30.49
60368,446.42,1000000,86.8,76.5,30.49
60376,959.09,1000000,84.7,75.1,30.49
60421,4613.53,1000000,93.4,68.7,30.49
60464,1233.47,1000000,84.9,75.2,30.49
60550,796.84,1000000,86.9,76.7,30.49
60589,1786.04,1000000,83.9,74.7,30.49
60768,704.87,1000000,96.4,77.4,30.49
60926,10,1000000,88.7,80.7,30.49
60927,17.64,1000000,88.6,81.4,30.49
61028,978.92,1000000,84.7,75.1,30.49
61035,160.75,1000000,87.5,77.2,30.49
61213,694.02,1000000,89.5,78.1,30.49
64020,767.27,1000000,87.8,78.2,30.49
64408,218.95,1000000,83.2,73.3,30.49
